APRESENTAÇÃO,APRESENTAÇÃO
200 MG/ML SOL INJ CT FA VD INC X 50 ML,200 : Conc ---> MG/ML : UndConc ---> SOL : T1 ---> INJ : T1 ---> CT : UndPac ---> FA : UndPac2 ---> VD : T2 ---> INC : T2 ---> X : X ---> 50 : Vol ---> ML : UndVol ---> FIM
200G/L SOL INJ CT FA VD TRANS X 50ML,200 : Conc ---> G/L : UndConc ---> SOL : T1 ---> INJ : T1 ---> CT : UndPac ---> FA : UndPac2 ---> VD : T2 ---> TRANS : T2 ---> X : X ---> 50 : Vol ---> ML : UndVol ---> FIM
200 G/L SOL INJ IV CT FA VD TRANS X 50 ML,200 : Conc ---> G/L : UndConc ---> SOL : T1 ---> INJ : T1 ---> IV : T1 ---> CT : UndPac ---> FA : UndPac2 ---> VD : T2 ---> TRANS : T2 ---> X : X ---> 50 : Vol ---> ML : UndVol ---> FIM
20 % SOL INJ CT FA VD TRANS 50ML + EQP,20 : Conc ---> % : UndConc ---> SOL : T1 ---> INJ : T1 ---> CT : UndPac ---> FA : UndPac2 ---> VD : T2 ---> TRANS : X ---> 50 : Vol ---> ML : UndVol ---> + : +2 ---> EQP : T3 ---> FIM
20 % SOL INJ CT FA VD TRANS X 50 ML,20 : Conc ---> % : UndConc ---> SOL : T1 ---> INJ : T1 ---> CT : UndPac ---> FA : UndPac2 ---> VD : T2 ---> TRANS : T2 ---> X : X ---> 50 : Vol ---> ML : UndVol ---> FIM
20 % SOL INJ CX 10 FA VD TRANS X  50 ML,20 : Conc ---> % : UndConc ---> SOL : T1 ---> INJ : T1 ---> CX : UndPac ---> 10 : Pac ---> FA : UndPac2 ---> VD : T2 ---> TRANS : T2 ---> X : X ---> 50 : Vol ---> ML : UndVol ---> FIM
20 % SOL INJ CX 100 FA VD TRANS X 50 ML,20 : Conc ---> % : UndConc ---> SOL : T1 ---> INJ : T1 ---> CX : UndPac ---> 100 : Pac ---> FA : UndPac2 ---> VD : T2 ---> TRANS : T2 ---> X : X ---> 50 : Vol ---> ML : UndVol ---> FIM
200 MG/ML SOL INJ CT 1 FA VD INC X 50ML,200 : Conc ---> MG/ML : UndConc ---> SOL : T1 ---> INJ : T1 ---> CT : UndPac ---> 1 : Pac ---> FA : UndPac2 ---> VD : T2 ---> INC : T2 ---> X : X ---> 50 : Vol ---> ML : UndVol ---> FIM
200 MG/ML SOL INJ CX 10 FA VD INC X 50 ML,200 : Conc ---> MG/ML : UndConc ---> SOL : T1 ---> INJ : T1 ---> CX : UndPac ---> 10 : Pac ---> FA : UndPac2 ---> VD : T2 ---> INC : T2 ---> X : X ---> 50 : Vol ---> ML : UndVol ---> FIM
"0,2G/ML SOL INJ FA VD INC 50ML","0,2 : Conc ---> G/ML : UndConc ---> SOL : T1 ---> INJ : T1 ---> FA : UndPac2 ---> VD : T2 ---> INC : X ---> 50 : Vol ---> ML : UndVol ---> FIM"
20 % SOL INJ CT 10 FA VD INC X 50 ML ,20 : Conc ---> % : UndConc ---> SOL : T1 ---> INJ : T1 ---> CT : UndPac ---> 10 : Pac ---> FA : UndPac2 ---> VD : T2 ---> INC : T2 ---> X : X ---> 50 : Vol ---> ML : UndVol ---> FIM
20 % SOL INJ CT FA VD INC X 50 ML ,20 : Conc ---> % : UndConc ---> SOL : T1 ---> INJ : T1 ---> CT : UndPac ---> FA : UndPac2 ---> VD : T2 ---> INC : T2 ---> X : X ---> 50 : Vol ---> ML : UndVol ---> FIM
20 PCC SOL INJ IV CT 1 FA VD TRANS X 50 ML,20 : Conc ---> PCC : UndConc ---> SOL : T1 ---> INJ : T1 ---> IV : T1 ---> CT : UndPac ---> 1 : Pac ---> FA : UndPac2 ---> VD : T2 ---> TRANS : T2 ---> X : X ---> 50 : Vol ---> ML : UndVol ---> FIM
"0,2 G/ML SOL INFUS IV CT FR VD TRANS X 50 ML","0,2 : Conc ---> G/ML : UndConc ---> SOL : T1 ---> INFUS : T1 ---> IV : T1 ---> CT : UndPac ---> FR : UndPac2 ---> VD : T2 ---> TRANS : T2 ---> X : X ---> 50 : Vol ---> ML : UndVol ---> FIM"
"80 MG/ML SUS INJ CT FA VD INC X 1,5 ML","80 : Conc ---> MG/ML : UndConc ---> SUS : T1 ---> INJ : T1 ---> CT : UndPac ---> FA : UndPac2 ---> VD : T2 ---> INC : T2 ---> X : X ---> 1,5 : Vol ---> ML : UndVol ---> FIM"
50 MG PO LIOF SOL INJ  CT  FA VD TRANS + FA DIL 50 ML + CANUL TRANS,50 : Conc ---> MG : UndConc ---> PO : T1 ---> LIOF : T1 ---> SOL : T1 ---> INJ : T1 ---> CT : UndPac ---> FA : UndPac2 ---> VD : T2 ---> TRANS : T2 ---> + : +2 ---> FA : UndPac2 ---> DIL : T3 ---> 50 : Vol ---> ML : UndVol ---> + : +2 ---> CANUL : T3 ---> TRANS : T3 ---> FIM
100 MG PO LIOF SOL INJ IV CT 1 FA VD TRANS,100 : Conc ---> MG : UndConc ---> PO : T1 ---> LIOF : T1 ---> SOL : T1 ---> INJ : T1 ---> IV : T1 ---> CT : UndPac ---> 1 : Pac ---> FA : UndPac2 ---> VD : T2 ---> TRANS : T2 ---> FIM
100 MG PO LIOF SOL INJ CT FA VD TRANS + SOL DIL FA VD TRANS X 30 ML ,100 : Conc ---> MG : UndConc ---> PO : T1 ---> LIOF : T1 ---> SOL : T1 ---> INJ : T1 ---> CT : UndPac ---> FA : UndPac2 ---> VD : T2 ---> TRANS : T2 ---> + : +2 ---> SOL : T3 ---> DIL : T3 ---> FA : UndPac2 ---> VD : T2 ---> TRANS : T2 ---> X : X ---> 30 : Vol ---> ML : UndVol ---> FIM
100 MG PO LIOF SOL INJ CT 1 FA VD TRANS,100 : Conc ---> MG : UndConc ---> PO : T1 ---> LIOF : T1 ---> SOL : T1 ---> INJ : T1 ---> CT : UndPac ---> 1 : Pac ---> FA : UndPac2 ---> VD : T2 ---> TRANS : T2 ---> FIM
10 MG/ML SOL INJ/DIL INFUS IV CX 25 AMP VD AMB X 5 ML,10 : Conc ---> MG/ML : UndConc ---> SOL : T1 ---> INJ/DIL : T1 ---> INFUS : T1 ---> IV : T1 ---> CX : UndPac ---> 25 : Pac ---> AMP : UndPac2 ---> VD : T2 ---> AMB : T2 ---> X : X ---> 5 : Vol ---> ML : UndVol ---> FIM
10 MG/ML SOL INJ CX 25 AMP VD TRANS X 5 ML,10 : Conc ---> MG/ML : UndConc ---> SOL : T1 ---> INJ : T1 ---> CX : UndPac ---> 25 : Pac ---> AMP : UndPac2 ---> VD : T2 ---> TRANS : T2 ---> X : X ---> 5 : Vol ---> ML : UndVol ---> FIM
10 MG/ML SOL INJ IV CX 25 AMP VD TRANS X 5 ML  ,10 : Conc ---> MG/ML : UndConc ---> SOL : T1 ---> INJ : T1 ---> IV : T1 ---> CX : UndPac ---> 25 : Pac ---> AMP : UndPac2 ---> VD : T2 ---> TRANS : T2 ---> X : X ---> 5 : Vol ---> ML : UndVol ---> FIM
10 MG/ML SOL INJ CT 5 AMP VD TRANS X 5 ML,10 : Conc ---> MG/ML : UndConc ---> SOL : T1 ---> INJ : T1 ---> CT : UndPac ---> 5 : Pac ---> AMP : UndPac2 ---> VD : T2 ---> TRANS : T2 ---> X : X ---> 5 : Vol ---> ML : UndVol ---> FIM
2 MG/ML SOL INJ IV CT FA VD TRANS X 25 ML,2 : Conc ---> MG/ML : UndConc ---> SOL : T1 ---> INJ : T1 ---> IV : T1 ---> CT : UndPac ---> FA : UndPac2 ---> VD : T2 ---> TRANS : T2 ---> X : X ---> 25 : Vol ---> ML : UndVol ---> FIM
84 MG/ML SOL INFUS IV CX 45 BOLS PLAS TRANS SIST FECH X 250 ML,84 : Conc ---> MG/ML : UndConc ---> SOL : T1 ---> INFUS : T1 ---> IV : T1 ---> CX : UndPac ---> 45 : Pac ---> BOLS : UndPac2 ---> PLAS : T2 ---> TRANS : T2 ---> SIST : T2 ---> FECH : T2 ---> X : X ---> 250 : Vol ---> ML : UndVol ---> FIM
84 MG/ML SOL INFUS IV CX 50 BOLS PLAS PEBD TRANS SIST FECH X 250 ML,84 : Conc ---> MG/ML : UndConc ---> SOL : T1 ---> INFUS : T1 ---> IV : T1 ---> CX : UndPac ---> 50 : Pac ---> BOLS : UndPac2 ---> PLAS : T2 ---> PEBD : T2 ---> TRANS : T2 ---> SIST : T2 ---> FECH : T2 ---> X : X ---> 250 : Vol ---> ML : UndVol ---> FIM
84 MG/ML SOL INFUS IV BOLS PLAS PEBD TRANS SIST FECH X 250 ML,84 : Conc ---> MG/ML : UndConc ---> SOL : T1 ---> INFUS : T1 ---> IV : T1 ---> BOLS : UndPac2 ---> PLAS : T2 ---> PEBD : T2 ---> TRANS : T2 ---> SIST : T2 ---> FECH : T2 ---> X : X ---> 250 : Vol ---> ML : UndVol ---> FIM
1 G PO SOL INJ IV/IM  CX 10 FA VD TRANS,1 : Conc ---> G : UndConc ---> PO : T1 ---> SOL : T1 ---> INJ : T1 ---> IV/IM : T1 ---> CX : UndPac ---> 10 : Pac ---> FA : UndPac2 ---> VD : T2 ---> TRANS : T2 ---> FIM
1 G PO SOL INJ IM/IV CX 50 FA VD TRANS,1 : Conc ---> G : UndConc ---> PO : T1 ---> SOL : T1 ---> INJ : T1 ---> IM/IV : T1 ---> CX : UndPac ---> 50 : Pac ---> FA : UndPac2 ---> VD : T2 ---> TRANS : T2 ---> FIM
1 G PO SOL INJ CX 50 FA AMP VD AMB,1 : Conc ---> G : UndConc ---> PO : T1 ---> SOL : T1 ---> INJ : T1 ---> CX : UndPac ---> 50 : Pac ---> FA : UndPac2 ---> AMP : T2 ---> VD : T2 ---> AMB : T2 ---> FIM
1 G PO SOL INJ CX 50 FA AMP VD AMB (EMB HOSP),1 : Conc ---> G : UndConc ---> PO : T1 ---> SOL : T1 ---> INJ : T1 ---> CX : UndPac ---> 50 : Pac ---> FA : UndPac2 ---> AMP : T2 ---> VD : T2 ---> AMB : T2 ---> EMB : T2 ---> HOSP : T2 ---> FIM
1 G PO P/ SOL INJ CT  FA VD TRANS X  DIL AMP VD TRANS X 3 ML,1 : Conc ---> G : UndConc ---> PO : T1 ---> P/SOL : T1 ---> INJ : T1 ---> CT : UndPac ---> FA : UndPac2 ---> VD : T2 ---> TRANS : T2 ---> X : X ---> DIL : T3 ---> AMP : UndPac2 ---> VD : T2 ---> TRANS : T2 ---> X : X ---> 3 : Vol ---> ML : UndVol ---> FIM
1 G PO P/ SOL INJ CT FA VD TRANS,1 : Conc ---> G : UndConc ---> PO : T1 ---> P/SOL : T1 ---> INJ : T1 ---> CT : UndPac ---> FA : UndPac2 ---> VD : T2 ---> TRANS : T2 ---> FIM
1 G PO SOL INJ CT FA VD TRANS + BOLS PLAS TRANS SIST FECH X 100 ML,1 : Conc ---> G : UndConc ---> PO : T1 ---> SOL : T1 ---> INJ : T1 ---> CT : UndPac ---> FA : UndPac2 ---> VD : T2 ---> TRANS : T2 ---> + : +2 ---> BOLS : UndPac2 ---> PLAS : T2 ---> TRANS : T2 ---> SIST : T2 ---> FECH : T2 ---> X : X ---> 100 : Vol ---> ML : UndVol ---> FIM
1 G PO SOL INJ CT 10 FA VD TRANS + 10 BOLS PLAS TRANS SIST FECH X 100 ML,1 : Conc ---> G : UndConc ---> PO : T1 ---> SOL : T1 ---> INJ : T1 ---> CT : UndPac ---> 10 : Pac ---> FA : UndPac2 ---> VD : T2 ---> TRANS : T2 ---> + : +2 ---> 10 : Pac ---> BOLS : UndPac2 ---> PLAS : T2 ---> TRANS : T2 ---> SIST : T2 ---> FECH : T2 ---> X : X ---> 100 : Vol ---> ML : UndVol ---> FIM
1 G PO P/ SOL INJ CT 50 FA VD TRANS,1 : Conc ---> G : UndConc ---> PO : T1 ---> P/SOL : T1 ---> INJ : T1 ---> CT : UndPac ---> 50 : Pac ---> FA : UndPac2 ---> VD : T2 ---> TRANS : T2 ---> FIM
1 G PO SOL INJ CX 10 FA VD TRANS X 20 ML,1 : Conc ---> G : UndConc ---> PO : T1 ---> SOL : T1 ---> INJ : T1 ---> CX : UndPac ---> 10 : Pac ---> FA : UndPac2 ---> VD : T2 ---> TRANS : T2 ---> X : X ---> 20 : Vol ---> ML : UndVol ---> FIM
1 G PO SOL INJ CX 25 FA VD TRANS X 20 ML,1 : Conc ---> G : UndConc ---> PO : T1 ---> SOL : T1 ---> INJ : T1 ---> CX : UndPac ---> 25 : Pac ---> FA : UndPac2 ---> VD : T2 ---> TRANS : T2 ---> X : X ---> 20 : Vol ---> ML : UndVol ---> FIM
1 G PO SOL INJ CT FA VD TRANS X 20 ML + DIL AMP PLAS TRANS X 10 ML,1 : Conc ---> G : UndConc ---> PO : T1 ---> SOL : T1 ---> INJ : T1 ---> CT : UndPac ---> FA : UndPac2 ---> VD : T2 ---> TRANS : T2 ---> X : X ---> 20 : Vol ---> ML : UndVol ---> + : +2 ---> DIL : T3 ---> AMP : UndPac2 ---> PLAS : T2 ---> TRANS : T2 ---> X : X ---> 10 : Vol ---> ML : UndVol ---> FIM
1 G PO SOL INJ IV CT FA VD TRANS X 20 ML + BOLS PLAS TRANS SIST FECH X 100 ML,1 : Conc ---> G : UndConc ---> PO : T1 ---> SOL : T1 ---> INJ : T1 ---> IV : T1 ---> CT : UndPac ---> FA : UndPac2 ---> VD : T2 ---> TRANS : T2 ---> X : X ---> 20 : Vol ---> ML : UndVol ---> + : +2 ---> BOLS : UndPac2 ---> PLAS : T2 ---> TRANS : T2 ---> SIST : T2 ---> FECH : T2 ---> X : X ---> 100 : Vol ---> ML : UndVol ---> FIM
1 G PO SOL INJ IV CX 10 FA VD TRANS X 20 ML + 10 BOLS PLAS TRANS SIST FECH X 100 ML,1 : Conc ---> G : UndConc ---> PO : T1 ---> SOL : T1 ---> INJ : T1 ---> IV : T1 ---> CX : UndPac ---> 10 : Pac ---> FA : UndPac2 ---> VD : T2 ---> TRANS : T2 ---> X : X ---> 20 : Vol ---> ML : UndVol ---> + : +2 ---> 10 : Pac ---> BOLS : UndPac2 ---> PLAS : T2 ---> TRANS : T2 ---> SIST : T2 ---> FECH : T2 ---> X : X ---> 100 : Vol ---> ML : UndVol ---> FIM
1G PO INJ CT 01 FA VD INC + DIL 10 ML,1 : Conc ---> G : UndConc ---> PO : T1 ---> INJ : T1 ---> CT : UndPac ---> 01 : Pac ---> FA : UndPac2 ---> VD : T2 ---> INC : T2 ---> + : +2 ---> DIL : T3 ---> 10 : Vol ---> ML : UndVol ---> FIM
1000 MG PO INJ CX 20 FA VD TRANS,1000 : Conc ---> MG : UndConc ---> PO : T1 ---> INJ : T1 ---> CX : UndPac ---> 20 : Pac ---> FA : UndPac2 ---> VD : T2 ---> TRANS : T2 ---> FIM
1000 MG PO INJ CX 100 FA VD TRANS,1000 : Conc ---> MG : UndConc ---> PO : T1 ---> INJ : T1 ---> CX : UndPac ---> 100 : Pac ---> FA : UndPac2 ---> VD : T2 ---> TRANS : T2 ---> FIM
1 G PO SOL INJ CT 50 FA VD TRANS,1 : Conc ---> G : UndConc ---> PO : T1 ---> SOL : T1 ---> INJ : T1 ---> CT : UndPac ---> 50 : Pac ---> FA : UndPac2 ---> VD : T2 ---> TRANS : T2 ---> FIM
1 G PO SOL INJ CT 25 FA VD TRANS TIPO I,1 : Conc ---> G : UndConc ---> PO : T1 ---> SOL : T1 ---> INJ : T1 ---> CT : UndPac ---> 25 : Pac ---> FA : UndPac2 ---> VD : T2 ---> TRANS : T2 ---> TIPO : T2 ---> I : T2 ---> FIM
1 G PO SOL INJ CX 50 FA VD TRANS TIPO I,1 : Conc ---> G : UndConc ---> PO : T1 ---> SOL : T1 ---> INJ : T1 ---> CX : UndPac ---> 50 : Pac ---> FA : UndPac2 ---> VD : T2 ---> TRANS : T2 ---> TIPO : T2 ---> I : T2 ---> FIM
1 G PO SOL INJ IM IV  CX 50 FA VD TRANS X 14ML,1 : Conc ---> G : UndConc ---> PO : T1 ---> SOL : T1 ---> INJ : T1 ---> IM : T1 ---> IV : T1 ---> CX : UndPac ---> 50 : Pac ---> FA : UndPac2 ---> VD : T2 ---> TRANS : T2 ---> X : X ---> 14 : Vol ---> ML : UndVol ---> FIM
1 G PO SOL INJ CX 50 FA VD TRANS,1 : Conc ---> G : UndConc ---> PO : T1 ---> SOL : T1 ---> INJ : T1 ---> CX : UndPac ---> 50 : Pac ---> FA : UndPac2 ---> VD : T2 ---> TRANS : T2 ---> FIM
50 MG/ML SOL INJ IM/IV CX 5 FA VD TRANS X 10 ML,50 : Conc ---> MG/ML : UndConc ---> SOL : T1 ---> INJ : T1 ---> IM/IV : T1 ---> CX : UndPac ---> 5 : Pac ---> FA : UndPac2 ---> VD : T2 ---> TRANS : T2 ---> X : X ---> 10 : Vol ---> ML : UndVol ---> FIM
50 MG/ML SOL INJ IM/IV CX 25 FA VD TRANS X 10 ML (EMB HOSP),50 : Conc ---> MG/ML : UndConc ---> SOL : T1 ---> INJ : T1 ---> IM/IV : T1 ---> CX : UndPac ---> 25 : Pac ---> FA : UndPac2 ---> VD : T2 ---> TRANS : T2 ---> X : X ---> 10 : Vol ---> ML : UndVol ---> EMB : +2 ---> HOSP : T3 ---> FIM
50 MG/ML SOL INJ IM/IV CX 5 FA VD AMB X 10 ML,50 : Conc ---> MG/ML : UndConc ---> SOL : T1 ---> INJ : T1 ---> IM/IV : T1 ---> CX : UndPac ---> 5 : Pac ---> FA : UndPac2 ---> VD : T2 ---> AMB : T2 ---> X : X ---> 10 : Vol ---> ML : UndVol ---> FIM
50 MG/ML SOL INJ IM/IV CX 50 FA VD AMB X 10 ML,50 : Conc ---> MG/ML : UndConc ---> SOL : T1 ---> INJ : T1 ---> IM/IV : T1 ---> CX : UndPac ---> 50 : Pac ---> FA : UndPac2 ---> VD : T2 ---> AMB : T2 ---> X : X ---> 10 : Vol ---> ML : UndVol ---> FIM
50 MG/ML SOL INJ IM/IV CX 25 FA VD AMB X 10 ML,50 : Conc ---> MG/ML : UndConc ---> SOL : T1 ---> INJ : T1 ---> IM/IV : T1 ---> CX : UndPac ---> 25 : Pac ---> FA : UndPac2 ---> VD : T2 ---> AMB : T2 ---> X : X ---> 10 : Vol ---> ML : UndVol ---> FIM
"2,0 MG/ML SOL INJ IV CT BOLS PLAS PVC TRANS SIST FEC X 100 ML","2,0 : Conc ---> MG/ML : UndConc ---> SOL : T1 ---> INJ : T1 ---> IV : T1 ---> CT : UndPac ---> BOLS : UndPac2 ---> PLAS : T2 ---> PVC : T2 ---> TRANS : T2 ---> SIST : T2 ---> FEC : T2 ---> X : X ---> 100 : Vol ---> ML : UndVol ---> FIM"
"2,0 MG/ML SOL INJ IV CT 80 BOLS PLAS PVC TRANS SIST FEC X 100 ML","2,0 : Conc ---> MG/ML : UndConc ---> SOL : T1 ---> INJ : T1 ---> IV : T1 ---> CT : UndPac ---> 80 : Pac ---> BOLS : UndPac2 ---> PLAS : T2 ---> PVC : T2 ---> TRANS : T2 ---> SIST : T2 ---> FEC : T2 ---> X : X ---> 100 : Vol ---> ML : UndVol ---> FIM"
"2,0 MG/ML SOL INJ IV CT BOLS PLAS PVC TRANS SIST FEC X 100 ML","2,0 : Conc ---> MG/ML : UndConc ---> SOL : T1 ---> INJ : T1 ---> IV : T1 ---> CT : UndPac ---> BOLS : UndPac2 ---> PLAS : T2 ---> PVC : T2 ---> TRANS : T2 ---> SIST : T2 ---> FEC : T2 ---> X : X ---> 100 : Vol ---> ML : UndVol ---> FIM"
2 MG/ML SOL INJ IV ENV PLAS BOLS PVC TRANS SIST FECH X 100 ML,2 : Conc ---> MG/ML : UndConc ---> SOL : T1 ---> INJ : T1 ---> IV : T1 ---> ENV : UndPac2 ---> PLAS : T2 ---> BOLS : UndPac2 ---> PVC : T2 ---> TRANS : T2 ---> SIST : T2 ---> FECH : T2 ---> X : X ---> 100 : Vol ---> ML : UndVol ---> FIM
2 MG/ML SOL INJ IV CX 60 ENV PLAS BOLS PLAS TRANS SIST FECH X 100ML,2 : Conc ---> MG/ML : UndConc ---> SOL : T1 ---> INJ : T1 ---> IV : T1 ---> CX : UndPac ---> 60 : Pac ---> ENV : UndPac2 ---> PLAS : T2 ---> BOLS : UndPac2 ---> PLAS : T2 ---> TRANS : T2 ---> SIST : T2 ---> FECH : T2 ---> X : X ---> 100 : Vol ---> ML : UndVol ---> FIM
2 MG/ML SOL INJ IV CX 70 ENV PLAS BOLS PVC TRANS SIST FECH X 100 ML,2 : Conc ---> MG/ML : UndConc ---> SOL : T1 ---> INJ : T1 ---> IV : T1 ---> CX : UndPac ---> 70 : Pac ---> ENV : UndPac2 ---> PLAS : T2 ---> BOLS : UndPac2 ---> PVC : T2 ---> TRANS : T2 ---> SIST : T2 ---> FECH : T2 ---> X : X ---> 100 : Vol ---> ML : UndVol ---> FIM
2 MG/ML SOL INJ IV ENV PLAS BOLS PLAS TRANS SIST FECH X 100ML,2 : Conc ---> MG/ML : UndConc ---> SOL : T1 ---> INJ : T1 ---> IV : T1 ---> ENV : UndPac2 ---> PLAS : T2 ---> BOLS : UndPac2 ---> PLAS : T2 ---> TRANS : T2 ---> SIST : T2 ---> FECH : T2 ---> X : X ---> 100 : Vol ---> ML : UndVol ---> FIM
2 MG/ML SOL INJ IV ENV PLAS BOLS PVC TRANS SIST FECH X 100 ML,2 : Conc ---> MG/ML : UndConc ---> SOL : T1 ---> INJ : T1 ---> IV : T1 ---> ENV : UndPac2 ---> PLAS : T2 ---> BOLS : UndPac2 ---> PVC : T2 ---> TRANS : T2 ---> SIST : T2 ---> FECH : T2 ---> X : X ---> 100 : Vol ---> ML : UndVol ---> FIM
2 MG/ML SOL INJ IV  CX 70 ENV PLAS BOLS PVC TRANS SIST FECH X 100 ML,2 : Conc ---> MG/ML : UndConc ---> SOL : T1 ---> INJ : T1 ---> IV : T1 ---> CX : UndPac ---> 70 : Pac ---> ENV : UndPac2 ---> PLAS : T2 ---> BOLS : UndPac2 ---> PVC : T2 ---> TRANS : T2 ---> SIST : T2 ---> FECH : T2 ---> X : X ---> 100 : Vol ---> ML : UndVol ---> FIM
2 MG/ML SOL INJ IV CX 60 ENV PLAS BOLS PLAS TRANS SIST FECH X 100ML,2 : Conc ---> MG/ML : UndConc ---> SOL : T1 ---> INJ : T1 ---> IV : T1 ---> CX : UndPac ---> 60 : Pac ---> ENV : UndPac2 ---> PLAS : T2 ---> BOLS : UndPac2 ---> PLAS : T2 ---> TRANS : T2 ---> SIST : T2 ---> FECH : T2 ---> X : X ---> 100 : Vol ---> ML : UndVol ---> FIM
2 MG/ML SOL INJ IV ENV PLAS BOLS PLAS TRANS SIST FECH X 100ML,2 : Conc ---> MG/ML : UndConc ---> SOL : T1 ---> INJ : T1 ---> IV : T1 ---> ENV : UndPac2 ---> PLAS : T2 ---> BOLS : UndPac2 ---> PLAS : T2 ---> TRANS : T2 ---> SIST : T2 ---> FECH : T2 ---> X : X ---> 100 : Vol ---> ML : UndVol ---> FIM
2MG/ML SOL INFUS IV ENV AL BOLS PLAS PEBD TRANS SIST FECH X 100 ML,2 : Conc ---> MG/ML : UndConc ---> SOL : T1 ---> INFUS : T1 ---> IV : T1 ---> ENV : UndPac2 ---> AL : T2 ---> BOLS : UndPac2 ---> PLAS : T2 ---> PEBD : T2 ---> TRANS : T2 ---> SIST : T2 ---> FECH : T2 ---> X : X ---> 100 : Vol ---> ML : UndVol ---> FIM
2MG/ML SOL INFUS IV CX 60 ENV AL BOLS PLAS PEBD TRANS SIST FECH X 100 ML,2 : Conc ---> MG/ML : UndConc ---> SOL : T1 ---> INFUS : T1 ---> IV : T1 ---> CX : UndPac ---> 60 : Pac ---> ENV : UndPac2 ---> AL : T2 ---> BOLS : UndPac2 ---> PLAS : T2 ---> PEBD : T2 ---> TRANS : T2 ---> SIST : T2 ---> FECH : T2 ---> X : X ---> 100 : Vol ---> ML : UndVol ---> FIM
2 MG/ML SOL INFUS IV ENV AL BOLS PLAS PEBD TRANS SIST FECH X 100 ML,2 : Conc ---> MG/ML : UndConc ---> SOL : T1 ---> INFUS : T1 ---> IV : T1 ---> ENV : UndPac2 ---> AL : T2 ---> BOLS : UndPac2 ---> PLAS : T2 ---> PEBD : T2 ---> TRANS : T2 ---> SIST : T2 ---> FECH : T2 ---> X : X ---> 100 : Vol ---> ML : UndVol ---> FIM
2 MG/ML SOL INFUS IV CX 60 ENV AL BOLS PLAS PEBD TRANS SIST FECH X 100 ML,2 : Conc ---> MG/ML : UndConc ---> SOL : T1 ---> INFUS : T1 ---> IV : T1 ---> CX : UndPac ---> 60 : Pac ---> ENV : UndPac2 ---> AL : T2 ---> BOLS : UndPac2 ---> PLAS : T2 ---> PEBD : T2 ---> TRANS : T2 ---> SIST : T2 ---> FECH : T2 ---> X : X ---> 100 : Vol ---> ML : UndVol ---> FIM
2 MG/ML SOL INJ CT BOLS PLAS TRANS X 100 ML ,2 : Conc ---> MG/ML : UndConc ---> SOL : T1 ---> INJ : T1 ---> CT : UndPac ---> BOLS : UndPac2 ---> PLAS : T2 ---> TRANS : T2 ---> X : X ---> 100 : Vol ---> ML : UndVol ---> FIM
2 MG/ML SOL INJ CT ENV AL/PLAS BOLS PLAS TRANS X 100 ML,2 : Conc ---> MG/ML : UndConc ---> SOL : T1 ---> INJ : T1 ---> CT : UndPac ---> ENV : UndPac2 ---> AL/PLAS : T2 ---> BOLS : UndPac2 ---> PLAS : T2 ---> TRANS : T2 ---> X : X ---> 100 : Vol ---> ML : UndVol ---> FIM
2 MG/ML SOL INJ IV ENV AL BOLS PLAS TRANS SIST FECH X 100 ML,2 : Conc ---> MG/ML : UndConc ---> SOL : T1 ---> INJ : T1 ---> IV : T1 ---> ENV : UndPac2 ---> AL : T2 ---> BOLS : UndPac2 ---> PLAS : T2 ---> TRANS : T2 ---> SIST : T2 ---> FECH : T2 ---> X : X ---> 100 : Vol ---> ML : UndVol ---> FIM
2MG/ML SOL INJ ENV AL BOLS PLAS TRANS SIST FECH X 100 ML,2 : Conc ---> MG/ML : UndConc ---> SOL : T1 ---> INJ : T1 ---> ENV : UndPac2 ---> AL : T2 ---> BOLS : UndPac2 ---> PLAS : T2 ---> TRANS : T2 ---> SIST : T2 ---> FECH : T2 ---> X : X ---> 100 : Vol ---> ML : UndVol ---> FIM
"0,2% SOL INJ ENV AL BOLS PO X 100 ML ( REST HOSP) ","0,2 : Conc ---> % : UndConc ---> SOL : T1 ---> INJ : T1 ---> ENV : UndPac2 ---> AL : T2 ---> BOLS : UndPac2 ---> PO : T2 ---> X : X ---> 100 : Vol ---> ML : UndVol ---> REST : +2 ---> HOSP : T3 ---> FIM"
9 MG/ML SOL INJ IV CX FR PLAS TRANS SIST FECH X 500 ML,9 : Conc ---> MG/ML : UndConc ---> SOL : T1 ---> INJ : T1 ---> IV : T1 ---> CX : UndPac ---> FR : UndPac2 ---> PLAS : T2 ---> TRANS : T2 ---> SIST : T2 ---> FECH : T2 ---> X : X ---> 500 : Vol ---> ML : UndVol ---> FIM
9 MG/ML SOL INJ IV CX FA PP TRANS SIST FECH X 500 ML,9 : Conc ---> MG/ML : UndConc ---> SOL : T1 ---> INJ : T1 ---> IV : T1 ---> CX : UndPac ---> FA : UndPac2 ---> PP : T2 ---> TRANS : T2 ---> SIST : T2 ---> FECH : T2 ---> X : X ---> 500 : Vol ---> ML : UndVol ---> FIM
9 MG/ML SOL INJ IV CX BOLS PP TRANS SIST FECH X 500 ML,9 : Conc ---> MG/ML : UndConc ---> SOL : T1 ---> INJ : T1 ---> IV : T1 ---> CX : UndPac ---> BOLS : UndPac2 ---> PP : T2 ---> TRANS : T2 ---> SIST : T2 ---> FECH : T2 ---> X : X ---> 500 : Vol ---> ML : UndVol ---> FIM
9 MG/ML SOL INJ IV CX 20 FA PLAS TRANS SIST FECH X 500 ML,9 : Conc ---> MG/ML : UndConc ---> SOL : T1 ---> INJ : T1 ---> IV : T1 ---> CX : UndPac ---> 20 : Pac ---> FA : UndPac2 ---> PLAS : T2 ---> TRANS : T2 ---> SIST : T2 ---> FECH : T2 ---> X : X ---> 500 : Vol ---> ML : UndVol ---> FIM
9 G/L SOL INJ IV CX 20 BOLS PLAS SIST FECH X 500 ML ,9 : Conc ---> G/L : UndConc ---> SOL : T1 ---> INJ : T1 ---> IV : T1 ---> CX : UndPac ---> 20 : Pac ---> BOLS : UndPac2 ---> PLAS : T2 ---> SIST : T2 ---> FECH : T2 ---> X : X ---> 500 : Vol ---> ML : UndVol ---> FIM
9 G/L SOL INJ IV CX 20 FR PLAS TRANS SIST FECH X 500 ML ,9 : Conc ---> G/L : UndConc ---> SOL : T1 ---> INJ : T1 ---> IV : T1 ---> CX : UndPac ---> 20 : Pac ---> FR : UndPac2 ---> PLAS : T2 ---> TRANS : T2 ---> SIST : T2 ---> FECH : T2 ---> X : X ---> 500 : Vol ---> ML : UndVol ---> FIM
9 G/L SOL INJ IV CX 20 BOLS PLAS SIST FECH X 500 ML ,9 : Conc ---> G/L : UndConc ---> SOL : T1 ---> INJ : T1 ---> IV : T1 ---> CX : UndPac ---> 20 : Pac ---> BOLS : UndPac2 ---> PLAS : T2 ---> SIST : T2 ---> FECH : T2 ---> X : X ---> 500 : Vol ---> ML : UndVol ---> FIM
9 G/L SOL INJ IV CX 20 FR PLAS TRANS SIST FECH X 500 ML ,9 : Conc ---> G/L : UndConc ---> SOL : T1 ---> INJ : T1 ---> IV : T1 ---> CX : UndPac ---> 20 : Pac ---> FR : UndPac2 ---> PLAS : T2 ---> TRANS : T2 ---> SIST : T2 ---> FECH : T2 ---> X : X ---> 500 : Vol ---> ML : UndVol ---> FIM
9 MG/ML SOL INJ IV BOLS PP TRANS SIST FECH X 500 ML,9 : Conc ---> MG/ML : UndConc ---> SOL : T1 ---> INJ : T1 ---> IV : T1 ---> BOLS : UndPac2 ---> PP : T2 ---> TRANS : T2 ---> SIST : T2 ---> FECH : T2 ---> X : X ---> 500 : Vol ---> ML : UndVol ---> FIM
9 MG/ML SOL INJ IV CX 30 BOLS PP TRANS SIST FECH X 500 ML ,9 : Conc ---> MG/ML : UndConc ---> SOL : T1 ---> INJ : T1 ---> IV : T1 ---> CX : UndPac ---> 30 : Pac ---> BOLS : UndPac2 ---> PP : T2 ---> TRANS : T2 ---> SIST : T2 ---> FECH : T2 ---> X : X ---> 500 : Vol ---> ML : UndVol ---> FIM
9 MG/ML SOL INFUS IV CX 24 BOLS PLAS PVC TRANS SIST FECH X 500 ML,9 : Conc ---> MG/ML : UndConc ---> SOL : T1 ---> INFUS : T1 ---> IV : T1 ---> CX : UndPac ---> 24 : Pac ---> BOLS : UndPac2 ---> PLAS : T2 ---> PVC : T2 ---> TRANS : T2 ---> SIST : T2 ---> FECH : T2 ---> X : X ---> 500 : Vol ---> ML : UndVol ---> FIM
9 MG/ML SOL INFUS IV CX 24 BOLS PLAS PP TRANS SIST FECH X 500 ML,9 : Conc ---> MG/ML : UndConc ---> SOL : T1 ---> INFUS : T1 ---> IV : T1 ---> CX : UndPac ---> 24 : Pac ---> BOLS : UndPac2 ---> PLAS : T2 ---> PP : T2 ---> TRANS : T2 ---> SIST : T2 ---> FECH : T2 ---> X : X ---> 500 : Vol ---> ML : UndVol ---> FIM
9 MG/ML SOL INJ IV CX 20 BOLS PVC SIST FECH X 500 ML,9 : Conc ---> MG/ML : UndConc ---> SOL : T1 ---> INJ : T1 ---> IV : T1 ---> CX : UndPac ---> 20 : Pac ---> BOLS : UndPac2 ---> PVC : T2 ---> SIST : T2 ---> FECH : T2 ---> X : X ---> 500 : Vol ---> ML : UndVol ---> FIM
9 MG/ML SOL INJ IV CX 24 FR PE TRANS SIST FECH X 500 ML,9 : Conc ---> MG/ML : UndConc ---> SOL : T1 ---> INJ : T1 ---> IV : T1 ---> CX : UndPac ---> 24 : Pac ---> FR : UndPac2 ---> PE : T2 ---> TRANS : T2 ---> SIST : T2 ---> FECH : T2 ---> X : X ---> 500 : Vol ---> ML : UndVol ---> FIM
9 MG/ML SOL INJ IV CX 20 BOLS PVC SIST FECH X 500 ML,9 : Conc ---> MG/ML : UndConc ---> SOL : T1 ---> INJ : T1 ---> IV : T1 ---> CX : UndPac ---> 20 : Pac ---> BOLS : UndPac2 ---> PVC : T2 ---> SIST : T2 ---> FECH : T2 ---> X : X ---> 500 : Vol ---> ML : UndVol ---> FIM
9 MG/ML SOL INJ IV BOLS PLAS PVC TRANS SIST FECH X 500 ML,9 : Conc ---> MG/ML : UndConc ---> SOL : T1 ---> INJ : T1 ---> IV : T1 ---> BOLS : UndPac2 ---> PLAS : T2 ---> PVC : T2 ---> TRANS : T2 ---> SIST : T2 ---> FECH : T2 ---> X : X ---> 500 : Vol ---> ML : UndVol ---> FIM
9 MG/ML SOL INJ IV CX 24 FR PLAS TRANS SIST FECH X 500 ML,9 : Conc ---> MG/ML : UndConc ---> SOL : T1 ---> INJ : T1 ---> IV : T1 ---> CX : UndPac ---> 24 : Pac ---> FR : UndPac2 ---> PLAS : T2 ---> TRANS : T2 ---> SIST : T2 ---> FECH : T2 ---> X : X ---> 500 : Vol ---> ML : UndVol ---> FIM
9 MG/ML SOL INJ IV CX 24 FR PLAS TRANS PE SIST FECH X 500 ML,9 : Conc ---> MG/ML : UndConc ---> SOL : T1 ---> INJ : T1 ---> IV : T1 ---> CX : UndPac ---> 24 : Pac ---> FR : UndPac2 ---> PLAS : T2 ---> TRANS : T2 ---> PE : T2 ---> SIST : T2 ---> FECH : T2 ---> X : X ---> 500 : Vol ---> ML : UndVol ---> FIM
9 MG/ML SOL INFUS IV CX FR PLAS PEBD TRANS SIST FECH X 500 ML,9 : Conc ---> MG/ML : UndConc ---> SOL : T1 ---> INFUS : T1 ---> IV : T1 ---> CX : UndPac ---> FR : UndPac2 ---> PLAS : T2 ---> PEBD : T2 ---> TRANS : T2 ---> SIST : T2 ---> FECH : T2 ---> X : X ---> 500 : Vol ---> ML : UndVol ---> FIM
9 MG/ML SOL INJ IV CX 24 FR PLAS TRANS PE SIST FECH X 500 ML,9 : Conc ---> MG/ML : UndConc ---> SOL : T1 ---> INJ : T1 ---> IV : T1 ---> CX : UndPac ---> 24 : Pac ---> FR : UndPac2 ---> PLAS : T2 ---> TRANS : T2 ---> PE : T2 ---> SIST : T2 ---> FECH : T2 ---> X : X ---> 500 : Vol ---> ML : UndVol ---> FIM
9 MG/ML SOL INJ IV CX BOLS PLAS INC SIST FECH X 500 ML,9 : Conc ---> MG/ML : UndConc ---> SOL : T1 ---> INJ : T1 ---> IV : T1 ---> CX : UndPac ---> BOLS : UndPac2 ---> PLAS : T2 ---> INC : T2 ---> SIST : T2 ---> FECH : T2 ---> X : X ---> 500 : Vol ---> ML : UndVol ---> FIM
"20 MG SOL INJ CT 10 SER PREENC VD TRANS X 0,2 ML","20 : Conc ---> MG : UndConc ---> SOL : T1 ---> INJ : T1 ---> CT : UndPac ---> 10 : Pac ---> SER : UndPac2 ---> PREENC : T2 ---> VD : T2 ---> TRANS : T2 ---> X : X ---> 0,2 : Vol ---> ML : UndVol ---> FIM"
"20 MG SOL INJ CT 10 SER PREENC VD TRANS X 0,2 ML + SIST SEGURANÇA","20 : Conc ---> MG : UndConc ---> SOL : T1 ---> INJ : T1 ---> CT : UndPac ---> 10 : Pac ---> SER : UndPac2 ---> PREENC : T2 ---> VD : T2 ---> TRANS : T2 ---> X : X ---> 0,2 : Vol ---> ML : UndVol ---> + : +2 ---> SIST : T3 ---> SEGURANÇA : T3 ---> FIM"
"40 MG SOL INJ CT 10 SER PREENC VD TRANS X 0,4 ML","40 : Conc ---> MG : UndConc ---> SOL : T1 ---> INJ : T1 ---> CT : UndPac ---> 10 : Pac ---> SER : UndPac2 ---> PREENC : T2 ---> VD : T2 ---> TRANS : T2 ---> X : X ---> 0,4 : Vol ---> ML : UndVol ---> FIM"
"40 MG SOL INJ CT 10 SER PREENC VD TRANS X 0,4 ML + SIST SEGURANÇA","40 : Conc ---> MG : UndConc ---> SOL : T1 ---> INJ : T1 ---> CT : UndPac ---> 10 : Pac ---> SER : UndPac2 ---> PREENC : T2 ---> VD : T2 ---> TRANS : T2 ---> X : X ---> 0,4 : Vol ---> ML : UndVol ---> + : +2 ---> SIST : T3 ---> SEGURANÇA : T3 ---> FIM"
"60 MG SOL INJ CT 10 SER PREENC VD TRANS GRAD X 0,6 ML","60 : Conc ---> MG : UndConc ---> SOL : T1 ---> INJ : T1 ---> CT : UndPac ---> 10 : Pac ---> SER : UndPac2 ---> PREENC : T2 ---> VD : T2 ---> TRANS : T2 ---> GRAD : T2 ---> X : X ---> 0,6 : Vol ---> ML : UndVol ---> FIM"
"60 MG SOL INJ CT 10 SER PREENC VD TRANS GRAD X 0,6 ML + SIST SEGURANÇA","60 : Conc ---> MG : UndConc ---> SOL : T1 ---> INJ : T1 ---> CT : UndPac ---> 10 : Pac ---> SER : UndPac2 ---> PREENC : T2 ---> VD : T2 ---> TRANS : T2 ---> GRAD : T2 ---> X : X ---> 0,6 : Vol ---> ML : UndVol ---> + : +2 ---> SIST : T3 ---> SEGURANÇA : T3 ---> FIM"
"80 MG SOL INJ CT 10 SER PREENC VD TRANS GRAD X 0,8 ML","80 : Conc ---> MG : UndConc ---> SOL : T1 ---> INJ : T1 ---> CT : UndPac ---> 10 : Pac ---> SER : UndPac2 ---> PREENC : T2 ---> VD : T2 ---> TRANS : T2 ---> GRAD : T2 ---> X : X ---> 0,8 : Vol ---> ML : UndVol ---> FIM"
"80 MG SOL INJ CT 10 SER PREENC VD TRANS GRAD X 0,8 ML + SIST SEGURANÇA","80 : Conc ---> MG : UndConc ---> SOL : T1 ---> INJ : T1 ---> CT : UndPac ---> 10 : Pac ---> SER : UndPac2 ---> PREENC : T2 ---> VD : T2 ---> TRANS : T2 ---> GRAD : T2 ---> X : X ---> 0,8 : Vol ---> ML : UndVol ---> + : +2 ---> SIST : T3 ---> SEGURANÇA : T3 ---> FIM"
"100 MG SOL INJ CT 10 SER PREENC VD TRANS GRAD X 1,0 ML","100 : Conc ---> MG : UndConc ---> SOL : T1 ---> INJ : T1 ---> CT : UndPac ---> 10 : Pac ---> SER : UndPac2 ---> PREENC : T2 ---> VD : T2 ---> TRANS : T2 ---> GRAD : T2 ---> X : X ---> 1,0 : Vol ---> ML : UndVol ---> FIM"
"100 MG SOL INJ CT 10 SER PREENC VD TRANS GRAD X 1,0 ML + SIST SEGURANÇA","100 : Conc ---> MG : UndConc ---> SOL : T1 ---> INJ : T1 ---> CT : UndPac ---> 10 : Pac ---> SER : UndPac2 ---> PREENC : T2 ---> VD : T2 ---> TRANS : T2 ---> GRAD : T2 ---> X : X ---> 1,0 : Vol ---> ML : UndVol ---> + : +2 ---> SIST : T3 ---> SEGURANÇA : T3 ---> FIM"
"20 MG/0,2 ML SOL INJ CT 10 SER PREENCH X 0,2 ML ","20 : T1 ---> MG/0,2 : Pac ---> ML : UndVol ---> SOL : +2 ---> INJ : T3 ---> CT : UndPac2 ---> 10 : T3 ---> SER : UndPac2 ---> PREENCH : T2 ---> X : X ---> 0,2 : Vol ---> ML : UndVol ---> FIM"
"40 MG/0,4 ML SOL INJ CT 10 SER PREENCH X 0,4 ML ","40 : T1 ---> MG/0,4 : Pac ---> ML : UndVol ---> SOL : +2 ---> INJ : T3 ---> CT : UndPac2 ---> 10 : T3 ---> SER : UndPac2 ---> PREENCH : T2 ---> X : X ---> 0,4 : Vol ---> ML : UndVol ---> FIM"
"80 MG/0,8 ML SOL INJ CT 2 SER PREENCH X 0,8 ML ","80 : T1 ---> MG/0,8 : Pac ---> ML : UndVol ---> SOL : +2 ---> INJ : T3 ---> CT : UndPac2 ---> 2 : T3 ---> SER : UndPac2 ---> PREENCH : T2 ---> X : X ---> 0,8 : Vol ---> ML : UndVol ---> FIM"
"40 MG SOL INJ CT 2 SER PREENC VD TRANS GRAD X 0,4 ML + SIST SEGURANÇA","40 : Conc ---> MG : UndConc ---> SOL : T1 ---> INJ : T1 ---> CT : UndPac ---> 2 : Pac ---> SER : UndPac2 ---> PREENC : T2 ---> VD : T2 ---> TRANS : T2 ---> GRAD : T2 ---> X : X ---> 0,4 : Vol ---> ML : UndVol ---> + : +2 ---> SIST : T3 ---> SEGURANÇA : T3 ---> FIM"
"60 MG SOL INJ CT 2 SER PREENC VD TRANS GRAD X 0,6 ML + SIST SEGURANÇA","60 : Conc ---> MG : UndConc ---> SOL : T1 ---> INJ : T1 ---> CT : UndPac ---> 2 : Pac ---> SER : UndPac2 ---> PREENC : T2 ---> VD : T2 ---> TRANS : T2 ---> GRAD : T2 ---> X : X ---> 0,6 : Vol ---> ML : UndVol ---> + : +2 ---> SIST : T3 ---> SEGURANÇA : T3 ---> FIM"
"80 MG SOL INJ CT 2 SER PREENC VD TRANS GRAD X 0,8 ML + SIST SEGURANÇA","80 : Conc ---> MG : UndConc ---> SOL : T1 ---> INJ : T1 ---> CT : UndPac ---> 2 : Pac ---> SER : UndPac2 ---> PREENC : T2 ---> VD : T2 ---> TRANS : T2 ---> GRAD : T2 ---> X : X ---> 0,8 : Vol ---> ML : UndVol ---> + : +2 ---> SIST : T3 ---> SEGURANÇA : T3 ---> FIM"
"40 MG SOL INJ CT 10 SER PREENC VD TRANS GRAD X 0,4 ML + SIST SEGURANÇA","40 : Conc ---> MG : UndConc ---> SOL : T1 ---> INJ : T1 ---> CT : UndPac ---> 10 : Pac ---> SER : UndPac2 ---> PREENC : T2 ---> VD : T2 ---> TRANS : T2 ---> GRAD : T2 ---> X : X ---> 0,4 : Vol ---> ML : UndVol ---> + : +2 ---> SIST : T3 ---> SEGURANÇA : T3 ---> FIM"
"60 MG SOL INJ CT 10 SER PREENC VD TRANS GRAD X 0,6 ML + SIST SEGURANÇA","60 : Conc ---> MG : UndConc ---> SOL : T1 ---> INJ : T1 ---> CT : UndPac ---> 10 : Pac ---> SER : UndPac2 ---> PREENC : T2 ---> VD : T2 ---> TRANS : T2 ---> GRAD : T2 ---> X : X ---> 0,6 : Vol ---> ML : UndVol ---> + : +2 ---> SIST : T3 ---> SEGURANÇA : T3 ---> FIM"
"80 MG SOL INJ CT 10 SER PREENC VD TRANS GRAD X 0,8 ML + SIST SEGURANÇA","80 : Conc ---> MG : UndConc ---> SOL : T1 ---> INJ : T1 ---> CT : UndPac ---> 10 : Pac ---> SER : UndPac2 ---> PREENC : T2 ---> VD : T2 ---> TRANS : T2 ---> GRAD : T2 ---> X : X ---> 0,8 : Vol ---> ML : UndVol ---> + : +2 ---> SIST : T3 ---> SEGURANÇA : T3 ---> FIM"
"20 MG SOL INJ CT 2 SER PREENC VD TRANS GRAD X 0,2 ML + SIST SEGURANÇA","20 : Conc ---> MG : UndConc ---> SOL : T1 ---> INJ : T1 ---> CT : UndPac ---> 2 : Pac ---> SER : UndPac2 ---> PREENC : T2 ---> VD : T2 ---> TRANS : T2 ---> GRAD : T2 ---> X : X ---> 0,2 : Vol ---> ML : UndVol ---> + : +2 ---> SIST : T3 ---> SEGURANÇA : T3 ---> FIM"
"20 MG SOL INJ CT 10 SER PREENC VD TRANS GRAD X 0,2 ML + SIST SEGURANÇA","20 : Conc ---> MG : UndConc ---> SOL : T1 ---> INJ : T1 ---> CT : UndPac ---> 10 : Pac ---> SER : UndPac2 ---> PREENC : T2 ---> VD : T2 ---> TRANS : T2 ---> GRAD : T2 ---> X : X ---> 0,2 : Vol ---> ML : UndVol ---> + : +2 ---> SIST : T3 ---> SEGURANÇA : T3 ---> FIM"
"40 MG SOL INJ CT 6 SER PREENC VD TRANS GRAD X 0,4 ML + SIST SEGURANÇA","40 : Conc ---> MG : UndConc ---> SOL : T1 ---> INJ : T1 ---> CT : UndPac ---> 6 : Pac ---> SER : UndPac2 ---> PREENC : T2 ---> VD : T2 ---> TRANS : T2 ---> GRAD : T2 ---> X : X ---> 0,4 : Vol ---> ML : UndVol ---> + : +2 ---> SIST : T3 ---> SEGURANÇA : T3 ---> FIM"
"20 MG SOL INJ CT 6 SER PREENC VD TRANS GRAD X 0,2 ML + SIST SEGURANÇA","20 : Conc ---> MG : UndConc ---> SOL : T1 ---> INJ : T1 ---> CT : UndPac ---> 6 : Pac ---> SER : UndPac2 ---> PREENC : T2 ---> VD : T2 ---> TRANS : T2 ---> GRAD : T2 ---> X : X ---> 0,2 : Vol ---> ML : UndVol ---> + : +2 ---> SIST : T3 ---> SEGURANÇA : T3 ---> FIM"
"20 MG SOL INJ CT 2 SER PREENC VD TRANS X 0,2 ML + SIST SEGURANÇA","20 : Conc ---> MG : UndConc ---> SOL : T1 ---> INJ : T1 ---> CT : UndPac ---> 2 : Pac ---> SER : UndPac2 ---> PREENC : T2 ---> VD : T2 ---> TRANS : T2 ---> X : X ---> 0,2 : Vol ---> ML : UndVol ---> + : +2 ---> SIST : T3 ---> SEGURANÇA : T3 ---> FIM"
"20 MG SOL INJ CT 6 SER PREENC VD TRANS X 0,2 ML + SIST SEGURANÇA","20 : Conc ---> MG : UndConc ---> SOL : T1 ---> INJ : T1 ---> CT : UndPac ---> 6 : Pac ---> SER : UndPac2 ---> PREENC : T2 ---> VD : T2 ---> TRANS : T2 ---> X : X ---> 0,2 : Vol ---> ML : UndVol ---> + : +2 ---> SIST : T3 ---> SEGURANÇA : T3 ---> FIM"
"20 MG SOL INJ CT 10 SER PREENC VD TRANS X 0,2 ML + SIST SEGURANÇA","20 : Conc ---> MG : UndConc ---> SOL : T1 ---> INJ : T1 ---> CT : UndPac ---> 10 : Pac ---> SER : UndPac2 ---> PREENC : T2 ---> VD : T2 ---> TRANS : T2 ---> X : X ---> 0,2 : Vol ---> ML : UndVol ---> + : +2 ---> SIST : T3 ---> SEGURANÇA : T3 ---> FIM"
"40 MG SOL INJ CT 2 SER PREENC VD TRANS X 0,4 ML + SIST SEGURANÇA","40 : Conc ---> MG : UndConc ---> SOL : T1 ---> INJ : T1 ---> CT : UndPac ---> 2 : Pac ---> SER : UndPac2 ---> PREENC : T2 ---> VD : T2 ---> TRANS : T2 ---> X : X ---> 0,4 : Vol ---> ML : UndVol ---> + : +2 ---> SIST : T3 ---> SEGURANÇA : T3 ---> FIM"
"40 MG SOL INJ CT 6 SER PREENC VD TRANS X 0,4 ML + SIST SEGURANÇA","40 : Conc ---> MG : UndConc ---> SOL : T1 ---> INJ : T1 ---> CT : UndPac ---> 6 : Pac ---> SER : UndPac2 ---> PREENC : T2 ---> VD : T2 ---> TRANS : T2 ---> X : X ---> 0,4 : Vol ---> ML : UndVol ---> + : +2 ---> SIST : T3 ---> SEGURANÇA : T3 ---> FIM"
"40 MG SOL INJ CT 10 SER PREENC VD TRANS X 0,4 ML + SIST SEGURANÇA","40 : Conc ---> MG : UndConc ---> SOL : T1 ---> INJ : T1 ---> CT : UndPac ---> 10 : Pac ---> SER : UndPac2 ---> PREENC : T2 ---> VD : T2 ---> TRANS : T2 ---> X : X ---> 0,4 : Vol ---> ML : UndVol ---> + : +2 ---> SIST : T3 ---> SEGURANÇA : T3 ---> FIM"
"60 MG SOL INJ CT 2 SER PREENC VD TRANS GRAD X 0,6 ML + SIST SEGURANÇA","60 : Conc ---> MG : UndConc ---> SOL : T1 ---> INJ : T1 ---> CT : UndPac ---> 2 : Pac ---> SER : UndPac2 ---> PREENC : T2 ---> VD : T2 ---> TRANS : T2 ---> GRAD : T2 ---> X : X ---> 0,6 : Vol ---> ML : UndVol ---> + : +2 ---> SIST : T3 ---> SEGURANÇA : T3 ---> FIM"
"60 MG SOL INJ CT 6 SER PREENC VD TRANS GRAD X 0,6 ML + SIST SEGURANÇA","60 : Conc ---> MG : UndConc ---> SOL : T1 ---> INJ : T1 ---> CT : UndPac ---> 6 : Pac ---> SER : UndPac2 ---> PREENC : T2 ---> VD : T2 ---> TRANS : T2 ---> GRAD : T2 ---> X : X ---> 0,6 : Vol ---> ML : UndVol ---> + : +2 ---> SIST : T3 ---> SEGURANÇA : T3 ---> FIM"
"60 MG SOL INJ CT 10 SER PREENC VD TRANS GRAD X 0,6 ML + SIST SEGURANÇA","60 : Conc ---> MG : UndConc ---> SOL : T1 ---> INJ : T1 ---> CT : UndPac ---> 10 : Pac ---> SER : UndPac2 ---> PREENC : T2 ---> VD : T2 ---> TRANS : T2 ---> GRAD : T2 ---> X : X ---> 0,6 : Vol ---> ML : UndVol ---> + : +2 ---> SIST : T3 ---> SEGURANÇA : T3 ---> FIM"
"80 MG SOL INJ CT 2 SER PREENC VD TRANS GRAD X 0,8 ML + SIST SEGURANÇA","80 : Conc ---> MG : UndConc ---> SOL : T1 ---> INJ : T1 ---> CT : UndPac ---> 2 : Pac ---> SER : UndPac2 ---> PREENC : T2 ---> VD : T2 ---> TRANS : T2 ---> GRAD : T2 ---> X : X ---> 0,8 : Vol ---> ML : UndVol ---> + : +2 ---> SIST : T3 ---> SEGURANÇA : T3 ---> FIM"
"80 MG SOL INJ CT 10 SER PREENC VD TRANS GRAD X 0,8 ML + SIST SEGURANÇA","80 : Conc ---> MG : UndConc ---> SOL : T1 ---> INJ : T1 ---> CT : UndPac ---> 10 : Pac ---> SER : UndPac2 ---> PREENC : T2 ---> VD : T2 ---> TRANS : T2 ---> GRAD : T2 ---> X : X ---> 0,8 : Vol ---> ML : UndVol ---> + : +2 ---> SIST : T3 ---> SEGURANÇA : T3 ---> FIM"
100 MG SOL INJ CT 2 SER PREENC VD TRANS GRAD X 1 ML + SIST SEGURANÇA,100 : Conc ---> MG : UndConc ---> SOL : T1 ---> INJ : T1 ---> CT : UndPac ---> 2 : Pac ---> SER : UndPac2 ---> PREENC : T2 ---> VD : T2 ---> TRANS : T2 ---> GRAD : T2 ---> X : X ---> 1 : Vol ---> ML : UndVol ---> + : +2 ---> SIST : T3 ---> SEGURANÇA : T3 ---> FIM
100 MG SOL INJ CT 6 SER PREENC VD TRANS GRAD X 1 ML + SIST SEGURANÇA,100 : Conc ---> MG : UndConc ---> SOL : T1 ---> INJ : T1 ---> CT : UndPac ---> 6 : Pac ---> SER : UndPac2 ---> PREENC : T2 ---> VD : T2 ---> TRANS : T2 ---> GRAD : T2 ---> X : X ---> 1 : Vol ---> ML : UndVol ---> + : +2 ---> SIST : T3 ---> SEGURANÇA : T3 ---> FIM
100 MG SOL INJ CT 10 SER PREENC VD TRANS GRAD X 1 ML + SIST SEGURANÇA,100 : Conc ---> MG : UndConc ---> SOL : T1 ---> INJ : T1 ---> CT : UndPac ---> 10 : Pac ---> SER : UndPac2 ---> PREENC : T2 ---> VD : T2 ---> TRANS : T2 ---> GRAD : T2 ---> X : X ---> 1 : Vol ---> ML : UndVol ---> + : +2 ---> SIST : T3 ---> SEGURANÇA : T3 ---> FIM
"80 MG SOL INJ CT 6 SER PREENC VD TRANS GRAD X 0,8 ML + SIST SEGURANÇA","80 : Conc ---> MG : UndConc ---> SOL : T1 ---> INJ : T1 ---> CT : UndPac ---> 6 : Pac ---> SER : UndPac2 ---> PREENC : T2 ---> VD : T2 ---> TRANS : T2 ---> GRAD : T2 ---> X : X ---> 0,8 : Vol ---> ML : UndVol ---> + : +2 ---> SIST : T3 ---> SEGURANÇA : T3 ---> FIM"
"100 MG/ML SOL. INJ. CX 1 SER VD TRANS X 1,0 ML ","100 : Conc ---> MG/ML : UndConc ---> SOL.INJ.CX : T1 ---> 1 : Pac ---> SER : UndPac2 ---> VD : T2 ---> TRANS : T2 ---> X : X ---> 1,0 : Vol ---> ML : UndVol ---> FIM"
"100 MG/ML SOL INJ CX 1 SER VD TRANS X 1,0 ML + SIST SEGURANÇA","100 : Conc ---> MG/ML : UndConc ---> SOL : T1 ---> INJ : T1 ---> CX : UndPac ---> 1 : Pac ---> SER : UndPac2 ---> VD : T2 ---> TRANS : T2 ---> X : X ---> 1,0 : Vol ---> ML : UndVol ---> + : +2 ---> SIST : T3 ---> SEGURANÇA : T3 ---> FIM"
"100 MG/ML SOL INJ CX 10 SER VD TRANS X 1,0 ML + SIST SEGURANÇA","100 : Conc ---> MG/ML : UndConc ---> SOL : T1 ---> INJ : T1 ---> CX : UndPac ---> 10 : Pac ---> SER : UndPac2 ---> VD : T2 ---> TRANS : T2 ---> X : X ---> 1,0 : Vol ---> ML : UndVol ---> + : +2 ---> SIST : T3 ---> SEGURANÇA : T3 ---> FIM"
"60 MG SOL INJ CT 2 SER PRÉ - ENCHIDAS VD INC GRAD X 0,6 ML + SIST SEGURANÇA","60 : Conc ---> MG : UndConc ---> SOL : T1 ---> INJ : T1 ---> CT : UndPac ---> 2 : Pac ---> SER : UndPac2 ---> PRÉ : T2 ---> - : T2 ---> ENCHIDAS : T2 ---> VD : T2 ---> INC : T2 ---> GRAD : T2 ---> X : X ---> 0,6 : Vol ---> ML : UndVol ---> + : +2 ---> SIST : T3 ---> SEGURANÇA : T3 ---> FIM"
"60 MG SOL INJ CT 6 SER PRÉ - ENCHIDAS VD INC GRAD X 0,6 ML + SIST SEGURANÇA","60 : Conc ---> MG : UndConc ---> SOL : T1 ---> INJ : T1 ---> CT : UndPac ---> 6 : Pac ---> SER : UndPac2 ---> PRÉ : T2 ---> - : T2 ---> ENCHIDAS : T2 ---> VD : T2 ---> INC : T2 ---> GRAD : T2 ---> X : X ---> 0,6 : Vol ---> ML : UndVol ---> + : +2 ---> SIST : T3 ---> SEGURANÇA : T3 ---> FIM"
"60 MG SOL INJ CT 10 SER PRÉ - ENCHIDAS VD INC GRAD X 0,6 ML + SIST SEGURANÇA","60 : Conc ---> MG : UndConc ---> SOL : T1 ---> INJ : T1 ---> CT : UndPac ---> 10 : Pac ---> SER : UndPac2 ---> PRÉ : T2 ---> - : T2 ---> ENCHIDAS : T2 ---> VD : T2 ---> INC : T2 ---> GRAD : T2 ---> X : X ---> 0,6 : Vol ---> ML : UndVol ---> + : +2 ---> SIST : T3 ---> SEGURANÇA : T3 ---> FIM"
"80 MG SOL INJ CT 2 SER PRÉ - ENCHIDAS VD INC GRAD X 0,8 ML + SIST SEGURANÇA","80 : Conc ---> MG : UndConc ---> SOL : T1 ---> INJ : T1 ---> CT : UndPac ---> 2 : Pac ---> SER : UndPac2 ---> PRÉ : T2 ---> - : T2 ---> ENCHIDAS : T2 ---> VD : T2 ---> INC : T2 ---> GRAD : T2 ---> X : X ---> 0,8 : Vol ---> ML : UndVol ---> + : +2 ---> SIST : T3 ---> SEGURANÇA : T3 ---> FIM"
"80 MG SOL INJ CT 10 SER PRÉ - ENCHIDAS VD INC GRAD X 0,8 ML + SIST SEGURANÇA","80 : Conc ---> MG : UndConc ---> SOL : T1 ---> INJ : T1 ---> CT : UndPac ---> 10 : Pac ---> SER : UndPac2 ---> PRÉ : T2 ---> - : T2 ---> ENCHIDAS : T2 ---> VD : T2 ---> INC : T2 ---> GRAD : T2 ---> X : X ---> 0,8 : Vol ---> ML : UndVol ---> + : +2 ---> SIST : T3 ---> SEGURANÇA : T3 ---> FIM"
"100 MG SOL INJ CT 2 SER PRÉ - ENCHIDAS VD INC GRAD X 1,0 ML + SIST SEGURANÇA","100 : Conc ---> MG : UndConc ---> SOL : T1 ---> INJ : T1 ---> CT : UndPac ---> 2 : Pac ---> SER : UndPac2 ---> PRÉ : T2 ---> - : T2 ---> ENCHIDAS : T2 ---> VD : T2 ---> INC : T2 ---> GRAD : T2 ---> X : X ---> 1,0 : Vol ---> ML : UndVol ---> + : +2 ---> SIST : T3 ---> SEGURANÇA : T3 ---> FIM"
"100 MG SOL INJ CT 10 SER PRÉ - ENCHIDAS VD INC GRAD X 1,0 ML + SIST SEGURANÇA  ","100 : Conc ---> MG : UndConc ---> SOL : T1 ---> INJ : T1 ---> CT : UndPac ---> 10 : Pac ---> SER : UndPac2 ---> PRÉ : T2 ---> - : T2 ---> ENCHIDAS : T2 ---> VD : T2 ---> INC : T2 ---> GRAD : T2 ---> X : X ---> 1,0 : Vol ---> ML : UndVol ---> + : +2 ---> SIST : T3 ---> SEGURANÇA : T3 ---> FIM"
"20 MG SOL INJ CT 2 SER PRÉ - ENCHIDAS VD INC X 0,2 ML + SIST SEGURANÇA  ","20 : Conc ---> MG : UndConc ---> SOL : T1 ---> INJ : T1 ---> CT : UndPac ---> 2 : Pac ---> SER : UndPac2 ---> PRÉ : T2 ---> - : T2 ---> ENCHIDAS : T2 ---> VD : T2 ---> INC : T2 ---> X : X ---> 0,2 : Vol ---> ML : UndVol ---> + : +2 ---> SIST : T3 ---> SEGURANÇA : T3 ---> FIM"
"20 MG SOL INJ CT 10 SER PRÉ - ENCHIDAS VD INC X 0,2 ML + SIST SEGURANÇA  ","20 : Conc ---> MG : UndConc ---> SOL : T1 ---> INJ : T1 ---> CT : UndPac ---> 10 : Pac ---> SER : UndPac2 ---> PRÉ : T2 ---> - : T2 ---> ENCHIDAS : T2 ---> VD : T2 ---> INC : T2 ---> X : X ---> 0,2 : Vol ---> ML : UndVol ---> + : +2 ---> SIST : T3 ---> SEGURANÇA : T3 ---> FIM"
"40 MG SOL INJ CT 2 SER PRÉ - ENCHIDAS VD INC X 0,4 ML + SIST SEGURANÇA  ","40 : Conc ---> MG : UndConc ---> SOL : T1 ---> INJ : T1 ---> CT : UndPac ---> 2 : Pac ---> SER : UndPac2 ---> PRÉ : T2 ---> - : T2 ---> ENCHIDAS : T2 ---> VD : T2 ---> INC : T2 ---> X : X ---> 0,4 : Vol ---> ML : UndVol ---> + : +2 ---> SIST : T3 ---> SEGURANÇA : T3 ---> FIM"
"40 MG SOL INJ CT 6 SER PRÉ - ENCHIDAS VD INC X 0,4 ML + SIST SEGURANÇA  ","40 : Conc ---> MG : UndConc ---> SOL : T1 ---> INJ : T1 ---> CT : UndPac ---> 6 : Pac ---> SER : UndPac2 ---> PRÉ : T2 ---> - : T2 ---> ENCHIDAS : T2 ---> VD : T2 ---> INC : T2 ---> X : X ---> 0,4 : Vol ---> ML : UndVol ---> + : +2 ---> SIST : T3 ---> SEGURANÇA : T3 ---> FIM"
"40 MG SOL INJ CT 10 SER PRÉ - ENCHIDAS VD INC X 0,4 ML + SIST SEGURANÇA  ","40 : Conc ---> MG : UndConc ---> SOL : T1 ---> INJ : T1 ---> CT : UndPac ---> 10 : Pac ---> SER : UndPac2 ---> PRÉ : T2 ---> - : T2 ---> ENCHIDAS : T2 ---> VD : T2 ---> INC : T2 ---> X : X ---> 0,4 : Vol ---> ML : UndVol ---> + : +2 ---> SIST : T3 ---> SEGURANÇA : T3 ---> FIM"
"20 MG SOL INJ CT 10 SER VD INC PREENCHIDA X 0,2 ML&nbsp;01","20 : Conc ---> MG : UndConc ---> SOL : T1 ---> INJ : T1 ---> CT : UndPac ---> 10 : Pac ---> SER : UndPac2 ---> VD : T2 ---> INC : T2 ---> PREENCHIDA : T2 ---> X : X ---> 0,2 : Vol ---> ML : UndVol ---> & : +2 ---> nbsp : T3 ---> ; : T3 ---> 01 : T3 ---> FIM"
"40 MG SOL INJ CT 10 SER VD INC PREENCHIDA X 0,4 ML ","40 : Conc ---> MG : UndConc ---> SOL : T1 ---> INJ : T1 ---> CT : UndPac ---> 10 : Pac ---> SER : UndPac2 ---> VD : T2 ---> INC : T2 ---> PREENCHIDA : T2 ---> X : X ---> 0,4 : Vol ---> ML : UndVol ---> FIM"
"60 MG SOL INJ CT 2 SER VD INC PREENCHIDA X 0,6 ML ","60 : Conc ---> MG : UndConc ---> SOL : T1 ---> INJ : T1 ---> CT : UndPac ---> 2 : Pac ---> SER : UndPac2 ---> VD : T2 ---> INC : T2 ---> PREENCHIDA : T2 ---> X : X ---> 0,6 : Vol ---> ML : UndVol ---> FIM"
"80 MG SOL INJ CT 2 SER VD INC PREENCHIDA X 0,8 ML ","80 : Conc ---> MG : UndConc ---> SOL : T1 ---> INJ : T1 ---> CT : UndPac ---> 2 : Pac ---> SER : UndPac2 ---> VD : T2 ---> INC : T2 ---> PREENCHIDA : T2 ---> X : X ---> 0,8 : Vol ---> ML : UndVol ---> FIM"
"20 MG SOL INJ CT 10 SER VD INC PREENCHIDA X 0,2 ML + SIST SEGURANÇA","20 : Conc ---> MG : UndConc ---> SOL : T1 ---> INJ : T1 ---> CT : UndPac ---> 10 : Pac ---> SER : UndPac2 ---> VD : T2 ---> INC : T2 ---> PREENCHIDA : T2 ---> X : X ---> 0,2 : Vol ---> ML : UndVol ---> + : +2 ---> SIST : T3 ---> SEGURANÇA : T3 ---> FIM"
"40 MG SOL INJ CT 10 SER VD INC PREENCHIDA X 0,4 ML + SIST SEGURANÇA","40 : Conc ---> MG : UndConc ---> SOL : T1 ---> INJ : T1 ---> CT : UndPac ---> 10 : Pac ---> SER : UndPac2 ---> VD : T2 ---> INC : T2 ---> PREENCHIDA : T2 ---> X : X ---> 0,4 : Vol ---> ML : UndVol ---> + : +2 ---> SIST : T3 ---> SEGURANÇA : T3 ---> FIM"
"60 MG SOL INJ CT 2 SER VD INC PREENCHIDA X 0,6 ML + SIST SEGURANÇA","60 : Conc ---> MG : UndConc ---> SOL : T1 ---> INJ : T1 ---> CT : UndPac ---> 2 : Pac ---> SER : UndPac2 ---> VD : T2 ---> INC : T2 ---> PREENCHIDA : T2 ---> X : X ---> 0,6 : Vol ---> ML : UndVol ---> + : +2 ---> SIST : T3 ---> SEGURANÇA : T3 ---> FIM"
"80 MG SOL INJ CT 2 SER VD INC PREENCHIDA X 0,8 ML + SIST SEGURANÇA","80 : Conc ---> MG : UndConc ---> SOL : T1 ---> INJ : T1 ---> CT : UndPac ---> 2 : Pac ---> SER : UndPac2 ---> VD : T2 ---> INC : T2 ---> PREENCHIDA : T2 ---> X : X ---> 0,8 : Vol ---> ML : UndVol ---> + : +2 ---> SIST : T3 ---> SEGURANÇA : T3 ---> FIM"
"20 MG SOL INJ CT 02 SER VD INC PREENC X 0,2 ML","20 : Conc ---> MG : UndConc ---> SOL : T1 ---> INJ : T1 ---> CT : UndPac ---> 02 : Pac ---> SER : UndPac2 ---> VD : T2 ---> INC : T2 ---> PREENC : T2 ---> X : X ---> 0,2 : Vol ---> ML : UndVol ---> FIM"
"20 MG SOL INJ CT 02 SER VD INC  X 0,2 ML + SIST SEGURANÇA","20 : Conc ---> MG : UndConc ---> SOL : T1 ---> INJ : T1 ---> CT : UndPac ---> 02 : Pac ---> SER : UndPac2 ---> VD : T2 ---> INC : T2 ---> X : X ---> 0,2 : Vol ---> ML : UndVol ---> + : +2 ---> SIST : T3 ---> SEGURANÇA : T3 ---> FIM"
"40 MG SOL INJ CT 02 SER VD INC PREENC X 0,4 ML","40 : Conc ---> MG : UndConc ---> SOL : T1 ---> INJ : T1 ---> CT : UndPac ---> 02 : Pac ---> SER : UndPac2 ---> VD : T2 ---> INC : T2 ---> PREENC : T2 ---> X : X ---> 0,4 : Vol ---> ML : UndVol ---> FIM"
"40 MG SOL INJ CT 02 SER VD INC X 0,4 ML + SIST SEGURANÇA","40 : Conc ---> MG : UndConc ---> SOL : T1 ---> INJ : T1 ---> CT : UndPac ---> 02 : Pac ---> SER : UndPac2 ---> VD : T2 ---> INC : T2 ---> X : X ---> 0,4 : Vol ---> ML : UndVol ---> + : +2 ---> SIST : T3 ---> SEGURANÇA : T3 ---> FIM"
"20 MG SOL INJ CT 2 SER VD TRANS PREENCH X 0,2 ML","20 : Conc ---> MG : UndConc ---> SOL : T1 ---> INJ : T1 ---> CT : UndPac ---> 2 : Pac ---> SER : UndPac2 ---> VD : T2 ---> TRANS : T2 ---> PREENCH : T2 ---> X : X ---> 0,2 : Vol ---> ML : UndVol ---> FIM"
"20 MG SOL INJ CT 2 SER VD TRANS PREENCH X 0,2 ML + SIST SEGURANÇA","20 : Conc ---> MG : UndConc ---> SOL : T1 ---> INJ : T1 ---> CT : UndPac ---> 2 : Pac ---> SER : UndPac2 ---> VD : T2 ---> TRANS : T2 ---> PREENCH : T2 ---> X : X ---> 0,2 : Vol ---> ML : UndVol ---> + : +2 ---> SIST : T3 ---> SEGURANÇA : T3 ---> FIM"
"20 MG SOL INJ CT 6 SER VD TRANS PREENCH X 0,2 ML","20 : Conc ---> MG : UndConc ---> SOL : T1 ---> INJ : T1 ---> CT : UndPac ---> 6 : Pac ---> SER : UndPac2 ---> VD : T2 ---> TRANS : T2 ---> PREENCH : T2 ---> X : X ---> 0,2 : Vol ---> ML : UndVol ---> FIM"
"20 MG SOL INJ CT 6 SER VD TRANS PREENCH X 0,2 ML + SIST SEGURANÇA","20 : Conc ---> MG : UndConc ---> SOL : T1 ---> INJ : T1 ---> CT : UndPac ---> 6 : Pac ---> SER : UndPac2 ---> VD : T2 ---> TRANS : T2 ---> PREENCH : T2 ---> X : X ---> 0,2 : Vol ---> ML : UndVol ---> + : +2 ---> SIST : T3 ---> SEGURANÇA : T3 ---> FIM"
"20 MG SOL INJ CT 10 SER VD TRANS PREENCH X 0,2 ML","20 : Conc ---> MG : UndConc ---> SOL : T1 ---> INJ : T1 ---> CT : UndPac ---> 10 : Pac ---> SER : UndPac2 ---> VD : T2 ---> TRANS : T2 ---> PREENCH : T2 ---> X : X ---> 0,2 : Vol ---> ML : UndVol ---> FIM"
"20 MG SOL INJ CT 10 SER VD TRANS PREENCH X 0,2 ML + SIST SEGURANÇA","20 : Conc ---> MG : UndConc ---> SOL : T1 ---> INJ : T1 ---> CT : UndPac ---> 10 : Pac ---> SER : UndPac2 ---> VD : T2 ---> TRANS : T2 ---> PREENCH : T2 ---> X : X ---> 0,2 : Vol ---> ML : UndVol ---> + : +2 ---> SIST : T3 ---> SEGURANÇA : T3 ---> FIM"
"40 MG SOL INJ CT 2 SER VD TRANS PREENCH X 0,4ML","40 : Conc ---> MG : UndConc ---> SOL : T1 ---> INJ : T1 ---> CT : UndPac ---> 2 : Pac ---> SER : UndPac2 ---> VD : T2 ---> TRANS : T2 ---> PREENCH : T2 ---> X : X ---> 0,4 : Vol ---> ML : UndVol ---> FIM"
"40 MG SOL INJ CT 2 SER VD TRANS PREENCH X 0,4 ML + SIST SEGURANÇA","40 : Conc ---> MG : UndConc ---> SOL : T1 ---> INJ : T1 ---> CT : UndPac ---> 2 : Pac ---> SER : UndPac2 ---> VD : T2 ---> TRANS : T2 ---> PREENCH : T2 ---> X : X ---> 0,4 : Vol ---> ML : UndVol ---> + : +2 ---> SIST : T3 ---> SEGURANÇA : T3 ---> FIM"
"40 MG SOL INJ CT 6 SER VD TRANS PREENCH X 0,4 ML","40 : Conc ---> MG : UndConc ---> SOL : T1 ---> INJ : T1 ---> CT : UndPac ---> 6 : Pac ---> SER : UndPac2 ---> VD : T2 ---> TRANS : T2 ---> PREENCH : T2 ---> X : X ---> 0,4 : Vol ---> ML : UndVol ---> FIM"
"40 MG SOL INJ CT 6 SER VD TRANS PREENCH X 0,4 ML + SIST SEGURANÇA","40 : Conc ---> MG : UndConc ---> SOL : T1 ---> INJ : T1 ---> CT : UndPac ---> 6 : Pac ---> SER : UndPac2 ---> VD : T2 ---> TRANS : T2 ---> PREENCH : T2 ---> X : X ---> 0,4 : Vol ---> ML : UndVol ---> + : +2 ---> SIST : T3 ---> SEGURANÇA : T3 ---> FIM"
"40 MG SOL INJ CT 10 SER VD TRANS PREENCH X 0,4 ML","40 : Conc ---> MG : UndConc ---> SOL : T1 ---> INJ : T1 ---> CT : UndPac ---> 10 : Pac ---> SER : UndPac2 ---> VD : T2 ---> TRANS : T2 ---> PREENCH : T2 ---> X : X ---> 0,4 : Vol ---> ML : UndVol ---> FIM"
"40 MG SOL INJ CT 10 SER VD TRANS PREENCH X 0,4 ML  +SIST SEGURANÇA","40 : Conc ---> MG : UndConc ---> SOL : T1 ---> INJ : T1 ---> CT : UndPac ---> 10 : Pac ---> SER : UndPac2 ---> VD : T2 ---> TRANS : T2 ---> PREENCH : T2 ---> X : X ---> 0,4 : Vol ---> ML : UndVol ---> + : +2 ---> SIST : T3 ---> SEGURANÇA : T3 ---> FIM"
"60 MG SOL INJ CT 2 SER VD TRANS PREENCH X 0,6 ML","60 : Conc ---> MG : UndConc ---> SOL : T1 ---> INJ : T1 ---> CT : UndPac ---> 2 : Pac ---> SER : UndPac2 ---> VD : T2 ---> TRANS : T2 ---> PREENCH : T2 ---> X : X ---> 0,6 : Vol ---> ML : UndVol ---> FIM"
"60 MG SOL INJ CT 2 SER VD TRANS PREENCH X 0,6 ML + SIST SEGURANÇA","60 : Conc ---> MG : UndConc ---> SOL : T1 ---> INJ : T1 ---> CT : UndPac ---> 2 : Pac ---> SER : UndPac2 ---> VD : T2 ---> TRANS : T2 ---> PREENCH : T2 ---> X : X ---> 0,6 : Vol ---> ML : UndVol ---> + : +2 ---> SIST : T3 ---> SEGURANÇA : T3 ---> FIM"
"60 MG SOL INJ CT 6 SER VD TRANS PREENCH X 0,6 ML","60 : Conc ---> MG : UndConc ---> SOL : T1 ---> INJ : T1 ---> CT : UndPac ---> 6 : Pac ---> SER : UndPac2 ---> VD : T2 ---> TRANS : T2 ---> PREENCH : T2 ---> X : X ---> 0,6 : Vol ---> ML : UndVol ---> FIM"
"60 MG SOL INJ CT 6 SER VD TRANS PREENCH X 0,6 ML + SIST SEGURANÇA","60 : Conc ---> MG : UndConc ---> SOL : T1 ---> INJ : T1 ---> CT : UndPac ---> 6 : Pac ---> SER : UndPac2 ---> VD : T2 ---> TRANS : T2 ---> PREENCH : T2 ---> X : X ---> 0,6 : Vol ---> ML : UndVol ---> + : +2 ---> SIST : T3 ---> SEGURANÇA : T3 ---> FIM"
"60 MG SOL INJ CT 10 SER VD TRANS PREENCH X 0,6ML","60 : Conc ---> MG : UndConc ---> SOL : T1 ---> INJ : T1 ---> CT : UndPac ---> 10 : Pac ---> SER : UndPac2 ---> VD : T2 ---> TRANS : T2 ---> PREENCH : T2 ---> X : X ---> 0,6 : Vol ---> ML : UndVol ---> FIM"
"60 MG SOL INJ CT 10 SER VD TRANS PREENCH X 0,6 ML + SIST SEGURANÇA","60 : Conc ---> MG : UndConc ---> SOL : T1 ---> INJ : T1 ---> CT : UndPac ---> 10 : Pac ---> SER : UndPac2 ---> VD : T2 ---> TRANS : T2 ---> PREENCH : T2 ---> X : X ---> 0,6 : Vol ---> ML : UndVol ---> + : +2 ---> SIST : T3 ---> SEGURANÇA : T3 ---> FIM"
"80 MG SOL INJ CT 2 SER VD TRANS PREENCH X 0,8 ML","80 : Conc ---> MG : UndConc ---> SOL : T1 ---> INJ : T1 ---> CT : UndPac ---> 2 : Pac ---> SER : UndPac2 ---> VD : T2 ---> TRANS : T2 ---> PREENCH : T2 ---> X : X ---> 0,8 : Vol ---> ML : UndVol ---> FIM"
"80 MG SOL INJ CT 2 SER VD TRANS PREENCH X 0,8 ML + SIST SEGURANÇA","80 : Conc ---> MG : UndConc ---> SOL : T1 ---> INJ : T1 ---> CT : UndPac ---> 2 : Pac ---> SER : UndPac2 ---> VD : T2 ---> TRANS : T2 ---> PREENCH : T2 ---> X : X ---> 0,8 : Vol ---> ML : UndVol ---> + : +2 ---> SIST : T3 ---> SEGURANÇA : T3 ---> FIM"
"80 MG SOL INJ CT 6 SER VD TRANS PREENCH X 0,8 ML","80 : Conc ---> MG : UndConc ---> SOL : T1 ---> INJ : T1 ---> CT : UndPac ---> 6 : Pac ---> SER : UndPac2 ---> VD : T2 ---> TRANS : T2 ---> PREENCH : T2 ---> X : X ---> 0,8 : Vol ---> ML : UndVol ---> FIM"
"80 MG SOL INJ CT 6 SER VD TRANS PREENCH X 0,8 ML + SIST SEGURANÇA","80 : Conc ---> MG : UndConc ---> SOL : T1 ---> INJ : T1 ---> CT : UndPac ---> 6 : Pac ---> SER : UndPac2 ---> VD : T2 ---> TRANS : T2 ---> PREENCH : T2 ---> X : X ---> 0,8 : Vol ---> ML : UndVol ---> + : +2 ---> SIST : T3 ---> SEGURANÇA : T3 ---> FIM"
"80 MG SOL INJ CT 10 SER VD TRANS PREENCH X 0,8 ML","80 : Conc ---> MG : UndConc ---> SOL : T1 ---> INJ : T1 ---> CT : UndPac ---> 10 : Pac ---> SER : UndPac2 ---> VD : T2 ---> TRANS : T2 ---> PREENCH : T2 ---> X : X ---> 0,8 : Vol ---> ML : UndVol ---> FIM"
"80 MG SOL INJ CT 10 SER VD TRANS PREENCH X 0,8 ML + SIST SEGURANÇA","80 : Conc ---> MG : UndConc ---> SOL : T1 ---> INJ : T1 ---> CT : UndPac ---> 10 : Pac ---> SER : UndPac2 ---> VD : T2 ---> TRANS : T2 ---> PREENCH : T2 ---> X : X ---> 0,8 : Vol ---> ML : UndVol ---> + : +2 ---> SIST : T3 ---> SEGURANÇA : T3 ---> FIM"
"100 MG SOL INJ CT 2 SER VD TRANS PREENCH X 1,0 ML","100 : Conc ---> MG : UndConc ---> SOL : T1 ---> INJ : T1 ---> CT : UndPac ---> 2 : Pac ---> SER : UndPac2 ---> VD : T2 ---> TRANS : T2 ---> PREENCH : T2 ---> X : X ---> 1,0 : Vol ---> ML : UndVol ---> FIM"
"100 MG SOL INJ CT 2 SER VD TRANS PREENCH X 1,0 ML + SIST SEGURANÇA","100 : Conc ---> MG : UndConc ---> SOL : T1 ---> INJ : T1 ---> CT : UndPac ---> 2 : Pac ---> SER : UndPac2 ---> VD : T2 ---> TRANS : T2 ---> PREENCH : T2 ---> X : X ---> 1,0 : Vol ---> ML : UndVol ---> + : +2 ---> SIST : T3 ---> SEGURANÇA : T3 ---> FIM"
1 MG/ML SOL INFUS IV CT ENVOL BOLS PLAS PES/PE/PP TRANS SIST FECH X 250 ML,1 : Conc ---> MG/ML : UndConc ---> SOL : T1 ---> INFUS : T1 ---> IV : T1 ---> CT : UndPac ---> ENVOL : Pac ---> BOLS : UndPac2 ---> PLAS : T2 ---> PES/PE/PP : T2 ---> TRANS : T2 ---> SIST : T2 ---> FECH : T2 ---> X : X ---> 250 : Vol ---> ML : UndVol ---> FIM
1 MG/ML SOL INFUS IV CX 10 ENVOL BOLS PLAS PES/PE/PP TRANS SIST FECH X 250 ML,1 : Conc ---> MG/ML : UndConc ---> SOL : T1 ---> INFUS : T1 ---> IV : T1 ---> CX : UndPac ---> 10 : Pac ---> ENVOL : Pac ---> BOLS : UndPac2 ---> PLAS : T2 ---> PES/PE/PP : T2 ---> TRANS : T2 ---> SIST : T2 ---> FECH : T2 ---> X : X ---> 250 : Vol ---> ML : UndVol ---> FIM
1 MG/ML SOL INFUS IV ENVOL BOLS PLAS PES/PE/PP TRANS SIST FECH X 250 ML,1 : Conc ---> MG/ML : UndConc ---> SOL : T1 ---> INFUS : T1 ---> IV : T1 ---> ENVOL : UndPac ---> BOLS : UndPac2 ---> PLAS : T2 ---> PES/PE/PP : T2 ---> TRANS : T2 ---> SIST : T2 ---> FECH : T2 ---> X : X ---> 250 : Vol ---> ML : UndVol ---> FIM
50 MG/ML SOL INJ IV BOLS PLAS TRANS SIST FECH X 100 ML,50 : Conc ---> MG/ML : UndConc ---> SOL : T1 ---> INJ : T1 ---> IV : T1 ---> BOLS : UndPac2 ---> PLAS : T2 ---> TRANS : T2 ---> SIST : T2 ---> FECH : T2 ---> X : X ---> 100 : Vol ---> ML : UndVol ---> FIM
50 MG/ML SOL INJ IV CX 80 BOLS PLAS TRANS SIST FECH X 100 ML,50 : Conc ---> MG/ML : UndConc ---> SOL : T1 ---> INJ : T1 ---> IV : T1 ---> CX : UndPac ---> 80 : Pac ---> BOLS : UndPac2 ---> PLAS : T2 ---> TRANS : T2 ---> SIST : T2 ---> FECH : T2 ---> X : X ---> 100 : Vol ---> ML : UndVol ---> FIM
50 MG/ML SOL INJ IV CX 100 BOLS PLAS TRANS SIST FECH X 100 ML,50 : Conc ---> MG/ML : UndConc ---> SOL : T1 ---> INJ : T1 ---> IV : T1 ---> CX : UndPac ---> 100 : Pac ---> BOLS : UndPac2 ---> PLAS : T2 ---> TRANS : T2 ---> SIST : T2 ---> FECH : T2 ---> X : X ---> 100 : Vol ---> ML : UndVol ---> FIM
50 MG/ML SOL INJ IV CX FR PLAS TRANS SIST FECH X 100 ML ,50 : Conc ---> MG/ML : UndConc ---> SOL : T1 ---> INJ : T1 ---> IV : T1 ---> CX : UndPac ---> FR : UndPac2 ---> PLAS : T2 ---> TRANS : T2 ---> SIST : T2 ---> FECH : T2 ---> X : X ---> 100 : Vol ---> ML : UndVol ---> FIM
50 MG/ML SOL INJ IV CX 50 FA PLAS TRANS SIST FECH X 100 ML,50 : Conc ---> MG/ML : UndConc ---> SOL : T1 ---> INJ : T1 ---> IV : T1 ---> CX : UndPac ---> 50 : Pac ---> FA : UndPac2 ---> PLAS : T2 ---> TRANS : T2 ---> SIST : T2 ---> FECH : T2 ---> X : X ---> 100 : Vol ---> ML : UndVol ---> FIM
50 MG/ML SOL INJ IV CX 80 BOLS PLAS SIST FECH X 100ML ,50 : Conc ---> MG/ML : UndConc ---> SOL : T1 ---> INJ : T1 ---> IV : T1 ---> CX : UndPac ---> 80 : Pac ---> BOLS : UndPac2 ---> PLAS : T2 ---> SIST : T2 ---> FECH : T2 ---> X : X ---> 100 : Vol ---> ML : UndVol ---> FIM
50 MG/ML SOL INJ IV CX 80 BOLS PLAS SIST FECH X 100ML ,50 : Conc ---> MG/ML : UndConc ---> SOL : T1 ---> INJ : T1 ---> IV : T1 ---> CX : UndPac ---> 80 : Pac ---> BOLS : UndPac2 ---> PLAS : T2 ---> SIST : T2 ---> FECH : T2 ---> X : X ---> 100 : Vol ---> ML : UndVol ---> FIM
50 MG/ML SOL INJ IV BOLS PP TRANS SIST FECH X 100 ML,50 : Conc ---> MG/ML : UndConc ---> SOL : T1 ---> INJ : T1 ---> IV : T1 ---> BOLS : UndPac2 ---> PP : T2 ---> TRANS : T2 ---> SIST : T2 ---> FECH : T2 ---> X : X ---> 100 : Vol ---> ML : UndVol ---> FIM
50 MG/ML SOL INJ IV CX 100 BOLS PP TRANS SIST FECH X 100 ML ,50 : Conc ---> MG/ML : UndConc ---> SOL : T1 ---> INJ : T1 ---> IV : T1 ---> CX : UndPac ---> 100 : Pac ---> BOLS : UndPac2 ---> PP : T2 ---> TRANS : T2 ---> SIST : T2 ---> FECH : T2 ---> X : X ---> 100 : Vol ---> ML : UndVol ---> FIM
50 MG/ML SOL INJ IV CX 90 BOLS PVC TRANS SIST FECH X 100 ML ,50 : Conc ---> MG/ML : UndConc ---> SOL : T1 ---> INJ : T1 ---> IV : T1 ---> CX : UndPac ---> 90 : Pac ---> BOLS : UndPac2 ---> PVC : T2 ---> TRANS : T2 ---> SIST : T2 ---> FECH : T2 ---> X : X ---> 100 : Vol ---> ML : UndVol ---> FIM
50 MG/ML SOL INJ IV CX 100 BOLS PVC TRANS SIST FECH X 100 ML ,50 : Conc ---> MG/ML : UndConc ---> SOL : T1 ---> INJ : T1 ---> IV : T1 ---> CX : UndPac ---> 100 : Pac ---> BOLS : UndPac2 ---> PVC : T2 ---> TRANS : T2 ---> SIST : T2 ---> FECH : T2 ---> X : X ---> 100 : Vol ---> ML : UndVol ---> FIM
50 MG/ML SOL INJ IV CX 100 BOLS PP TRANS SIST FECH X 100 ML ,50 : Conc ---> MG/ML : UndConc ---> SOL : T1 ---> INJ : T1 ---> IV : T1 ---> CX : UndPac ---> 100 : Pac ---> BOLS : UndPac2 ---> PP : T2 ---> TRANS : T2 ---> SIST : T2 ---> FECH : T2 ---> X : X ---> 100 : Vol ---> ML : UndVol ---> FIM
50 MG/ML SOL INJ IV CX 50 BOLS PLAS SIST FECH X 100 ML,50 : Conc ---> MG/ML : UndConc ---> SOL : T1 ---> INJ : T1 ---> IV : T1 ---> CX : UndPac ---> 50 : Pac ---> BOLS : UndPac2 ---> PLAS : T2 ---> SIST : T2 ---> FECH : T2 ---> X : X ---> 100 : Vol ---> ML : UndVol ---> FIM
50 MG/ML SOL INJ IV CX BOLS PLAS TRANS PVC SIST FECH X 100 ML,50 : Conc ---> MG/ML : UndConc ---> SOL : T1 ---> INJ : T1 ---> IV : T1 ---> CX : UndPac ---> BOLS : UndPac2 ---> PLAS : T2 ---> TRANS : T2 ---> PVC : T2 ---> SIST : T2 ---> FECH : T2 ---> X : X ---> 100 : Vol ---> ML : UndVol ---> FIM
50 MG/ML SOL INJ IV CX 60 FR PE TRANS SIST FECH X 100 ML ,50 : Conc ---> MG/ML : UndConc ---> SOL : T1 ---> INJ : T1 ---> IV : T1 ---> CX : UndPac ---> 60 : Pac ---> FR : UndPac2 ---> PE : T2 ---> TRANS : T2 ---> SIST : T2 ---> FECH : T2 ---> X : X ---> 100 : Vol ---> ML : UndVol ---> FIM
50 MG / ML SOL INFUS IV CX FR PLAS TRANS SIST FECH X 100 ML,50 : Conc ---> MG/ML : UndConc ---> SOL : T1 ---> INFUS : T1 ---> IV : T1 ---> CX : UndPac ---> FR : UndPac2 ---> PLAS : T2 ---> TRANS : T2 ---> SIST : T2 ---> FECH : T2 ---> X : X ---> 100 : Vol ---> ML : UndVol ---> FIM
50 MG/ML SOL INJ IV CX 70 FR PLAS TRANS SIST FECH X 100 ML,50 : Conc ---> MG/ML : UndConc ---> SOL : T1 ---> INJ : T1 ---> IV : T1 ---> CX : UndPac ---> 70 : Pac ---> FR : UndPac2 ---> PLAS : T2 ---> TRANS : T2 ---> SIST : T2 ---> FECH : T2 ---> X : X ---> 100 : Vol ---> ML : UndVol ---> FIM
"5000 UI/0,25 ML SOL INJ CX 25 AMP VD INC X 0,25 ML","5000 : T1 ---> UI/0,25 : Pac ---> ML : UndVol ---> SOL : +2 ---> INJ : T3 ---> CX : UndPac2 ---> 25 : T3 ---> AMP : UndPac2 ---> VD : T2 ---> INC : T2 ---> X : X ---> 0,25 : Vol ---> ML : UndVol ---> FIM"
"5000 UI/0,25 ML SOL INJ SC CX 36 AMP VD TRANS X 0,25 ML (EMB HOSP)","5000 : T1 ---> UI/0,25 : Pac ---> ML : UndVol ---> SOL : T2 ---> INJ : X ---> SC : T1 ---> CX : UndPac ---> 36 : Pac ---> AMP : UndPac2 ---> VD : T2 ---> TRANS : T2 ---> X : X ---> 0,25 : Vol ---> ML : UndVol ---> EMB : +2 ---> HOSP : T3 ---> FIM"
"5000 UI/0,25 ML SOL INJ CX 50 AMP VD TRANS X 0,25 ML","5000 : T1 ---> UI/0,25 : Pac ---> ML : UndVol ---> SOL : +2 ---> INJ : T3 ---> CX : UndPac2 ---> 50 : T3 ---> AMP : UndPac2 ---> VD : T2 ---> TRANS : T2 ---> X : X ---> 0,25 : Vol ---> ML : UndVol ---> FIM"
1 ML/ML SOL INAL CT FR VD AMB X 240 ML (REST HOSP) ,1 : Conc ---> ML/ML : UndConc ---> SOL : T1 ---> INAL : T1 ---> CT : UndPac ---> FR : UndPac2 ---> VD : T2 ---> AMB : T2 ---> X : X ---> 240 : Vol ---> ML : UndVol ---> REST : +2 ---> HOSP : T3 ---> FIM
1ML/ML SOL INAL CT FR VD AMB X 240 ML,1 : Conc ---> ML/ML : UndConc ---> SOL : T1 ---> INAL : T1 ---> CT : UndPac ---> FR : UndPac2 ---> VD : T2 ---> AMB : T2 ---> X : X ---> 240 : Vol ---> ML : UndVol ---> FIM
2 MG/ML SOL INJ INFUS IV CX 10 ENV PLAS OPC X BOLS PLAS TRANS X 300 ML,2 : Conc ---> MG/ML : UndConc ---> SOL : T1 ---> INJ : T1 ---> INFUS : T1 ---> IV : T1 ---> CX : UndPac ---> 10 : Pac ---> ENV : UndPac2 ---> PLAS : T2 ---> OPC : T2 ---> X : X ---> BOLS : UndPac2 ---> PLAS : T2 ---> TRANS : T2 ---> X : X ---> 300 : Vol ---> ML : UndVol ---> FIM
2 MG/ML SOL INFUS IV CT ENVOL BOLS PLAS PP TRANS SIST FECH X 300 ML,2 : Conc ---> MG/ML : UndConc ---> SOL : T1 ---> INFUS : T1 ---> IV : T1 ---> CT : UndPac ---> ENVOL : Pac ---> BOLS : UndPac2 ---> PLAS : T2 ---> PP : T2 ---> TRANS : T2 ---> SIST : T2 ---> FECH : T2 ---> X : X ---> 300 : Vol ---> ML : UndVol ---> FIM
2 MG/ML SOL INFUS IV CX ENVOL 10 BOLS PLAS PP TRANS SIST FECH X 300 ML,2 : Conc ---> MG/ML : UndConc ---> SOL : T1 ---> INFUS : T1 ---> IV : T1 ---> CX : UndPac ---> ENVOL : Pac ---> 10 : Pac ---> BOLS : UndPac2 ---> PLAS : T2 ---> PP : T2 ---> TRANS : T2 ---> SIST : T2 ---> FECH : T2 ---> X : X ---> 300 : Vol ---> ML : UndVol ---> FIM
2 MG/ML SOL INFUS IV CX 1 ENV X BOLS PLAS TRANS SIST FECH X 300 ML,2 : Conc ---> MG/ML : UndConc ---> SOL : T1 ---> INFUS : T1 ---> IV : T1 ---> CX : UndPac ---> 1 : Pac ---> ENV : UndPac2 ---> X : X ---> BOLS : UndPac2 ---> PLAS : T2 ---> TRANS : T2 ---> SIST : T2 ---> FECH : T2 ---> X : X ---> 300 : Vol ---> ML : UndVol ---> FIM
2 MG/ML SOL INFUS IV CX 10 ENV X BOLS PLAS TRANS SIST FECH X 300 ML,2 : Conc ---> MG/ML : UndConc ---> SOL : T1 ---> INFUS : T1 ---> IV : T1 ---> CX : UndPac ---> 10 : Pac ---> ENV : UndPac2 ---> X : X ---> BOLS : UndPac2 ---> PLAS : T2 ---> TRANS : T2 ---> SIST : T2 ---> FECH : T2 ---> X : X ---> 300 : Vol ---> ML : UndVol ---> FIM
2 MG/ML SOL INFUS IV CT ENVOL BOLS PLAS PES/PE/PP TRANS SIST FECH X 300 ML,2 : Conc ---> MG/ML : UndConc ---> SOL : T1 ---> INFUS : T1 ---> IV : T1 ---> CT : UndPac ---> ENVOL : Pac ---> BOLS : UndPac2 ---> PLAS : T2 ---> PES/PE/PP : T2 ---> TRANS : T2 ---> SIST : T2 ---> FECH : T2 ---> X : X ---> 300 : Vol ---> ML : UndVol ---> FIM
"2,0 MG/ML SOL INJ IV CX BOLS PLAS TRANS SIST FECH X 300 ML","2,0 : Conc ---> MG/ML : UndConc ---> SOL : T1 ---> INJ : T1 ---> IV : T1 ---> CX : UndPac ---> BOLS : UndPac2 ---> PLAS : T2 ---> TRANS : T2 ---> SIST : T2 ---> FECH : T2 ---> X : X ---> 300 : Vol ---> ML : UndVol ---> FIM"
"2,0 MG/ML SOL INJ IV CX 10 BOLS PLAS TRANS SIST FECH X 300 ML","2,0 : Conc ---> MG/ML : UndConc ---> SOL : T1 ---> INJ : T1 ---> IV : T1 ---> CX : UndPac ---> 10 : Pac ---> BOLS : UndPac2 ---> PLAS : T2 ---> TRANS : T2 ---> SIST : T2 ---> FECH : T2 ---> X : X ---> 300 : Vol ---> ML : UndVol ---> FIM"
2 MG/ML SOL INFUS IV CT ENVOL 10 BOLS PLAS  TRANS SIST FECH X 300 ML,2 : Conc ---> MG/ML : UndConc ---> SOL : T1 ---> INFUS : T1 ---> IV : T1 ---> CT : UndPac ---> ENVOL : Pac ---> 10 : Pac ---> BOLS : UndPac2 ---> PLAS : T2 ---> TRANS : T2 ---> SIST : T2 ---> FECH : T2 ---> X : X ---> 300 : Vol ---> ML : UndVol ---> FIM
2 MG/ML SOL INFUS IV CT ENVOL 10 BOLS PLAS PE/PP TRANS SIST FECH X 300 ML,2 : Conc ---> MG/ML : UndConc ---> SOL : T1 ---> INFUS : T1 ---> IV : T1 ---> CT : UndPac ---> ENVOL : Pac ---> 10 : Pac ---> BOLS : UndPac2 ---> PLAS : T2 ---> PE/PP : T2 ---> TRANS : T2 ---> SIST : T2 ---> FECH : T2 ---> X : X ---> 300 : Vol ---> ML : UndVol ---> FIM
2 MG/ML SOL INJ INFUS IV CX 10 ENV PLAS OPC X BOLS PLAS TRANS X 300 ML,2 : Conc ---> MG/ML : UndConc ---> SOL : T1 ---> INJ : T1 ---> INFUS : T1 ---> IV : T1 ---> CX : UndPac ---> 10 : Pac ---> ENV : UndPac2 ---> PLAS : T2 ---> OPC : T2 ---> X : X ---> BOLS : UndPac2 ---> PLAS : T2 ---> TRANS : T2 ---> X : X ---> 300 : Vol ---> ML : UndVol ---> FIM
2 MG/ML SOL INJ INFUS IV CX 10 ENV PLAS OPC X BOLS PLAS TRANS X 300 ML,2 : Conc ---> MG/ML : UndConc ---> SOL : T1 ---> INJ : T1 ---> INFUS : T1 ---> IV : T1 ---> CX : UndPac ---> 10 : Pac ---> ENV : UndPac2 ---> PLAS : T2 ---> OPC : T2 ---> X : X ---> BOLS : UndPac2 ---> PLAS : T2 ---> TRANS : T2 ---> X : X ---> 300 : Vol ---> ML : UndVol ---> FIM
2 MG/ML SOL INFUS IV CT ENVOL BOLS PLAS PP TRANS SIST FECH X 300 ML,2 : Conc ---> MG/ML : UndConc ---> SOL : T1 ---> INFUS : T1 ---> IV : T1 ---> CT : UndPac ---> ENVOL : Pac ---> BOLS : UndPac2 ---> PLAS : T2 ---> PP : T2 ---> TRANS : T2 ---> SIST : T2 ---> FECH : T2 ---> X : X ---> 300 : Vol ---> ML : UndVol ---> FIM
2 MG/ML SOL INFUS IV CT ENVOL BOLS PLAS PP TRANS SIST FECH X 300 ML,2 : Conc ---> MG/ML : UndConc ---> SOL : T1 ---> INFUS : T1 ---> IV : T1 ---> CT : UndPac ---> ENVOL : Pac ---> BOLS : UndPac2 ---> PLAS : T2 ---> PP : T2 ---> TRANS : T2 ---> SIST : T2 ---> FECH : T2 ---> X : X ---> 300 : Vol ---> ML : UndVol ---> FIM
"2,0 MG/ML SOL INJ IV CX BOLS PLAS TRANS SIST FECH X 300 ML","2,0 : Conc ---> MG/ML : UndConc ---> SOL : T1 ---> INJ : T1 ---> IV : T1 ---> CX : UndPac ---> BOLS : UndPac2 ---> PLAS : T2 ---> TRANS : T2 ---> SIST : T2 ---> FECH : T2 ---> X : X ---> 300 : Vol ---> ML : UndVol ---> FIM"
"2,0 MG/ML SOL INJ IV CX 10 BOLS PLAS TRANS SIST FECH X 300 ML","2,0 : Conc ---> MG/ML : UndConc ---> SOL : T1 ---> INJ : T1 ---> IV : T1 ---> CX : UndPac ---> 10 : Pac ---> BOLS : UndPac2 ---> PLAS : T2 ---> TRANS : T2 ---> SIST : T2 ---> FECH : T2 ---> X : X ---> 300 : Vol ---> ML : UndVol ---> FIM"
5 MG/ML SOL INJ IM/IV/RET CX 50 AMP VD TRANS X 10 ML,5 : Conc ---> MG/ML : UndConc ---> SOL : T1 ---> INJ : T1 ---> IM/IV/RET : T1 ---> CX : UndPac ---> 50 : Pac ---> AMP : UndPac2 ---> VD : T2 ---> TRANS : T2 ---> X : X ---> 10 : Vol ---> ML : UndVol ---> FIM
5 MG/ML SOL INJ CX C/ 5 AMP VD TRANS X 10 ML ,5 : Conc ---> MG/ML : UndConc ---> SOL : T1 ---> INJ : T1 ---> CX : UndPac ---> C/5 : Pac ---> AMP : UndPac2 ---> VD : T2 ---> TRANS : T2 ---> X : X ---> 10 : Vol ---> ML : UndVol ---> FIM
5 MG/ML SOL INJ IV/IM/RET CX 50 AMP VD AMB X 10 ML,5 : Conc ---> MG/ML : UndConc ---> SOL : T1 ---> INJ : T1 ---> IV/IM/RET : T1 ---> CX : UndPac ---> 50 : Pac ---> AMP : UndPac2 ---> VD : T2 ---> AMB : T2 ---> X : X ---> 10 : Vol ---> ML : UndVol ---> FIM
5 MG/ML  SOL INJ IV/IM/RET CX 10 AMP VD AMB X 10 ML,5 : Conc ---> MG/ML : UndConc ---> SOL : T1 ---> INJ : T1 ---> IV/IM/RET : T1 ---> CX : UndPac ---> 10 : Pac ---> AMP : UndPac2 ---> VD : T2 ---> AMB : T2 ---> X : X ---> 10 : Vol ---> ML : UndVol ---> FIM
5 MG/ML SOL INJ IM/IV/RET CX 50 AMP VD TRANS X 10 ML,5 : Conc ---> MG/ML : UndConc ---> SOL : T1 ---> INJ : T1 ---> IM/IV/RET : T1 ---> CX : UndPac ---> 50 : Pac ---> AMP : UndPac2 ---> VD : T2 ---> TRANS : T2 ---> X : X ---> 10 : Vol ---> ML : UndVol ---> FIM
5 MG/ML SOL INJ IV IM RET CT 5 AMP VD AMB X 10 ML,5 : Conc ---> MG/ML : UndConc ---> SOL : T1 ---> INJ : T1 ---> IV : T1 ---> IM : T1 ---> RET : T1 ---> CT : UndPac ---> 5 : Pac ---> AMP : UndPac2 ---> VD : T2 ---> AMB : T2 ---> X : X ---> 10 : Vol ---> ML : UndVol ---> FIM
"1,0 MG/ML SOL INFUS IV/IM CX 10 ENVOL FA PLAS PEBD TRANS SIST FECH X 50 ML","1,0 : Conc ---> MG/ML : UndConc ---> SOL : T1 ---> INFUS : T1 ---> IV/IM : T1 ---> CX : UndPac ---> 10 : Pac ---> ENVOL : Pac ---> FA : UndPac2 ---> PLAS : T2 ---> PEBD : T2 ---> TRANS : T2 ---> SIST : T2 ---> FECH : T2 ---> X : X ---> 50 : Vol ---> ML : UndVol ---> FIM"
5 MG/ML SOL INJ CT 5 AMP VD AMB X 10 ML,5 : Conc ---> MG/ML : UndConc ---> SOL : T1 ---> INJ : T1 ---> CT : UndPac ---> 5 : Pac ---> AMP : UndPac2 ---> VD : T2 ---> AMB : T2 ---> X : X ---> 10 : Vol ---> ML : UndVol ---> FIM
5 MG/ML SOL INJ CT 50 AMP VD AMB X 10 ML,5 : Conc ---> MG/ML : UndConc ---> SOL : T1 ---> INJ : T1 ---> CT : UndPac ---> 50 : Pac ---> AMP : UndPac2 ---> VD : T2 ---> AMB : T2 ---> X : X ---> 10 : Vol ---> ML : UndVol ---> FIM
5 MG/ML SOL INJ IV IM RET CX 5 AMP VD TRANS X 10 ML ,5 : Conc ---> MG/ML : UndConc ---> SOL : T1 ---> INJ : T1 ---> IV : T1 ---> IM : T1 ---> RET : T1 ---> CX : UndPac ---> 5 : Pac ---> AMP : UndPac2 ---> VD : T2 ---> TRANS : T2 ---> X : X ---> 10 : Vol ---> ML : UndVol ---> FIM
5 MG/ML SOL INJ CT 5 AMP VD TRANS X 10 ML,5 : Conc ---> MG/ML : UndConc ---> SOL : T1 ---> INJ : T1 ---> CT : UndPac ---> 5 : Pac ---> AMP : UndPac2 ---> VD : T2 ---> TRANS : T2 ---> X : X ---> 10 : Vol ---> ML : UndVol ---> FIM
5 MG/ML SOL INJ CT 50 AMP VD TRANS X 10 ML,5 : Conc ---> MG/ML : UndConc ---> SOL : T1 ---> INJ : T1 ---> CT : UndPac ---> 50 : Pac ---> AMP : UndPac2 ---> VD : T2 ---> TRANS : T2 ---> X : X ---> 10 : Vol ---> ML : UndVol ---> FIM
5 MG/ML SOL INJ CX 100 AMP VD TRANS X 10 ML,5 : Conc ---> MG/ML : UndConc ---> SOL : T1 ---> INJ : T1 ---> CX : UndPac ---> 100 : Pac ---> AMP : UndPac2 ---> VD : T2 ---> TRANS : T2 ---> X : X ---> 10 : Vol ---> ML : UndVol ---> FIM
"0,5 MG/ML SOL INJ CT 5 AMP VD TRANS X 1 ML","0,5 : Conc ---> MG/ML : UndConc ---> SOL : T1 ---> INJ : T1 ---> CT : UndPac ---> 5 : Pac ---> AMP : UndPac2 ---> VD : T2 ---> TRANS : T2 ---> X : X ---> 1 : Vol ---> ML : UndVol ---> FIM"
"40 MG PO LIOF SOL INJ CT 10 FA VD TRANS X 6,5 ML","40 : Conc ---> MG : UndConc ---> PO : T1 ---> LIOF : T1 ---> SOL : T1 ---> INJ : T1 ---> CT : UndPac ---> 10 : Pac ---> FA : UndPac2 ---> VD : T2 ---> TRANS : T2 ---> X : X ---> 6,5 : Vol ---> ML : UndVol ---> FIM"
40 MG PÓ LIOF SOL INJ IV CT 10 FA VD TRANS,40 : Conc ---> MG : UndConc ---> PÓ : T1 ---> LIOF : T1 ---> SOL : T1 ---> INJ : T1 ---> IV : T1 ---> CT : UndPac ---> 10 : Pac ---> FA : UndPac2 ---> VD : T2 ---> TRANS : T2 ---> FIM
"40 MG PO LIOF SOL INJ CT 10 FA VD TRANS X 6,5 ML","40 : Conc ---> MG : UndConc ---> PO : T1 ---> LIOF : T1 ---> SOL : T1 ---> INJ : T1 ---> CT : UndPac ---> 10 : Pac ---> FA : UndPac2 ---> VD : T2 ---> TRANS : T2 ---> X : X ---> 6,5 : Vol ---> ML : UndVol ---> FIM"
40 MG PO LIOF SOL INJ IV CT 10 FA VD TRANS,40 : Conc ---> MG : UndConc ---> PO : T1 ---> LIOF : T1 ---> SOL : T1 ---> INJ : T1 ---> IV : T1 ---> CT : UndPac ---> 10 : Pac ---> FA : UndPac2 ---> VD : T2 ---> TRANS : T2 ---> FIM
40 MG PÓ LIOF SOL INJ CT 10 FA VD TRANS ,40 : Conc ---> MG : UndConc ---> PÓ : T1 ---> LIOF : T1 ---> SOL : T1 ---> INJ : T1 ---> CT : UndPac ---> 10 : Pac ---> FA : UndPac2 ---> VD : T2 ---> TRANS : T2 ---> FIM
40 MG PO LIOF SOL INJ CT FA VD TRANS ,40 : Conc ---> MG : UndConc ---> PO : T1 ---> LIOF : T1 ---> SOL : T1 ---> INJ : T1 ---> CT : UndPac ---> FA : UndPac2 ---> VD : T2 ---> TRANS : T2 ---> FIM
40 MG PO LIOF SOL INJ IV CT FA VD TRANS,40 : Conc ---> MG : UndConc ---> PO : T1 ---> LIOF : T1 ---> SOL : T1 ---> INJ : T1 ---> IV : T1 ---> CT : UndPac ---> FA : UndPac2 ---> VD : T2 ---> TRANS : T2 ---> FIM
40 MG PO LIOF SOL INJ IV CT 10 FA VD TRANS,40 : Conc ---> MG : UndConc ---> PO : T1 ---> LIOF : T1 ---> SOL : T1 ---> INJ : T1 ---> IV : T1 ---> CT : UndPac ---> 10 : Pac ---> FA : UndPac2 ---> VD : T2 ---> TRANS : T2 ---> FIM
40 MG PO LIOF INJ CT X 1 FA VD TRANS,40 : Conc ---> MG : UndConc ---> PO : T1 ---> LIOF : T1 ---> INJ : T1 ---> CT : UndPac ---> X : X ---> 1 : Vol ---> FA : UndVol ---> VD : +2 ---> TRANS : T3 ---> FIM
40 MG PO LIOF INJ CT X 10 FA VD TRANS,40 : Conc ---> MG : UndConc ---> PO : T1 ---> LIOF : T1 ---> INJ : T1 ---> CT : UndPac ---> X : X ---> 10 : Vol ---> FA : UndVol ---> VD : +2 ---> TRANS : T3 ---> FIM
40 MG PO LIOF INJ CT X 1 FA VD TRANS,40 : Conc ---> MG : UndConc ---> PO : T1 ---> LIOF : T1 ---> INJ : T1 ---> CT : UndPac ---> X : X ---> 1 : Vol ---> FA : UndVol ---> VD : +2 ---> TRANS : T3 ---> FIM
40 MG PO LIOF INJ CT X 10 FA VD TRANS,40 : Conc ---> MG : UndConc ---> PO : T1 ---> LIOF : T1 ---> INJ : T1 ---> CT : UndPac ---> X : X ---> 10 : Vol ---> FA : UndVol ---> VD : +2 ---> TRANS : T3 ---> FIM
40 MG CAP GEL MICROG CT FR PLAS OPC X 7,40 : Conc ---> MG : UndConc ---> CAP : T1 ---> GEL : T1 ---> MICROG : T1 ---> CT : UndPac ---> FR : UndPac2 ---> PLAS : T2 ---> OPC : T2 ---> X : X ---> 7 : Vol ---> FIM
40 MG CAP DURA LIB RETARD CT FR PLAS PE OPC X 7,40 : Conc ---> MG : UndConc ---> CAP : T1 ---> DURA : T1 ---> LIB : T1 ---> RETARD : T1 ---> CT : UndPac ---> FR : UndPac2 ---> PLAS : T2 ---> PE : T2 ---> OPC : T2 ---> X : X ---> 7 : Vol ---> FIM
40 MG CAP DURA LIB RETARD CT FR PLAS PE OPC X 28,40 : Conc ---> MG : UndConc ---> CAP : T1 ---> DURA : T1 ---> LIB : T1 ---> RETARD : T1 ---> CT : UndPac ---> FR : UndPac2 ---> PLAS : T2 ---> PE : T2 ---> OPC : T2 ---> X : X ---> 28 : Vol ---> FIM
40 MG CAP DURA CT FR PLAS OPC X 28,40 : Conc ---> MG : UndConc ---> CAP : T1 ---> DURA : T1 ---> CT : UndPac ---> FR : UndPac2 ---> PLAS : T2 ---> OPC : T2 ---> X : X ---> 28 : Vol ---> FIM
40 MG PÓ LIOF P/ SOL INJ IV CT 50 FA VD TRANS + 50 DIL AMP VD TRANS X 10 ML  ,40 : Conc ---> MG : UndConc ---> PÓ : T1 ---> LIOF : T1 ---> P/SOL : T1 ---> INJ : T1 ---> IV : T1 ---> CT : UndPac ---> 50 : Pac ---> FA : UndPac2 ---> VD : T2 ---> TRANS : T2 ---> + : +2 ---> 50 : T3 ---> DIL : T3 ---> AMP : UndPac2 ---> VD : T2 ---> TRANS : T2 ---> X : X ---> 10 : Vol ---> ML : UndVol ---> FIM
40 MG PO LIOF SOL INJ CT 1 FA VD TRANS + AMP DIL X 10 ML,40 : Conc ---> MG : UndConc ---> PO : T1 ---> LIOF : T1 ---> SOL : T1 ---> INJ : T1 ---> CT : UndPac ---> 1 : Pac ---> FA : UndPac2 ---> VD : T2 ---> TRANS : T2 ---> + : +2 ---> AMP : UndPac2 ---> DIL : T2 ---> X : X ---> 10 : Vol ---> ML : UndVol ---> FIM
40 MG PO LIOF SOL INJ CX 25 FA VD TRANS+ 25 AMP DIL X 10 ML,40 : Conc ---> MG : UndConc ---> PO : T1 ---> LIOF : T1 ---> SOL : T1 ---> INJ : T1 ---> CX : UndPac ---> 25 : Pac ---> FA : UndPac2 ---> VD : T2 ---> TRANS : T2 ---> + : +2 ---> 25 : Pac ---> AMP : UndPac2 ---> DIL : T2 ---> X : X ---> 10 : Vol ---> ML : UndVol ---> FIM
40 MG PO SOL INJ CT 50 FA VD TRANS + 50 AMP DIL X 10ML,40 : Conc ---> MG : UndConc ---> PO : T1 ---> SOL : T1 ---> INJ : T1 ---> CT : UndPac ---> 50 : Pac ---> FA : UndPac2 ---> VD : T2 ---> TRANS : T2 ---> + : +2 ---> 50 : Pac ---> AMP : UndPac2 ---> DIL : T2 ---> X : X ---> 10 : Vol ---> ML : UndVol ---> FIM
40 MG PO INJ CX 20 FA VD INC + 20 AMP DIL VD TRANS X 10 ML,40 : Conc ---> MG : UndConc ---> PO : T1 ---> INJ : T1 ---> CX : UndPac ---> 20 : Pac ---> FA : UndPac2 ---> VD : T2 ---> INC : T2 ---> + : +2 ---> 20 : Pac ---> AMP : UndPac2 ---> DIL : T2 ---> VD : T2 ---> TRANS : T2 ---> X : X ---> 10 : Vol ---> ML : UndVol ---> FIM
40 MG PO SOL INJ IV CX 20 FA VD TRANS + 20 DIL AMP VD TRANS X 10 ML,40 : Conc ---> MG : UndConc ---> PO : T1 ---> SOL : T1 ---> INJ : T1 ---> IV : T1 ---> CX : UndPac ---> 20 : Pac ---> FA : UndPac2 ---> VD : T2 ---> TRANS : T2 ---> + : +2 ---> 20 : T3 ---> DIL : T3 ---> AMP : UndPac2 ---> VD : T2 ---> TRANS : T2 ---> X : X ---> 10 : Vol ---> ML : UndVol ---> FIM
40 MG PO LIOF SOL INJ CT FA VD TRANS + SOL DIL INJ 01 AMP VD TRANS X 02 ML,40 : Conc ---> MG : UndConc ---> PO : T1 ---> LIOF : T1 ---> SOL : T1 ---> INJ : T1 ---> CT : UndPac ---> FA : UndPac2 ---> VD : T2 ---> TRANS : T2 ---> + : +2 ---> SOL : T3 ---> DIL : T3 ---> INJ : T3 ---> 01 : Pac ---> AMP : UndPac2 ---> VD : T2 ---> TRANS : T2 ---> X : X ---> 02 : Vol ---> ML : UndVol ---> FIM
40 MG PO LIOF SOL INJ CT 10 FA VD TRANS,40 : Conc ---> MG : UndConc ---> PO : T1 ---> LIOF : T1 ---> SOL : T1 ---> INJ : T1 ---> CT : UndPac ---> 10 : Pac ---> FA : UndPac2 ---> VD : T2 ---> TRANS : T2 ---> FIM
4 G + 500 MG PO LIOF INJ CT 25 FA VD AMB  X 50 ML ,4 : Conc ---> G : UndConc ---> + : +1 ---> 500 : Conc ---> MG : UndConc ---> PO : T1 ---> LIOF : T1 ---> INJ : T1 ---> CT : UndPac ---> 25 : Pac ---> FA : UndPac2 ---> VD : T2 ---> AMB : T2 ---> X : X ---> 50 : Vol ---> ML : UndVol ---> FIM
4 G + 500 MG PÓ LIOF SUS INJ CT FA VD TRANS,4 : Conc ---> G : UndConc ---> + : +1 ---> 500 : Conc ---> MG : UndConc ---> PÓ : T1 ---> LIOF : T1 ---> SUS : T1 ---> INJ : T1 ---> CT : UndPac ---> FA : UndPac2 ---> VD : T2 ---> TRANS : T2 ---> FIM
4 G + 500 MG PÓ LIOF SUS INJ CT 10 FA VD TRANS,4 : Conc ---> G : UndConc ---> + : +1 ---> 500 : Conc ---> MG : UndConc ---> PÓ : T1 ---> LIOF : T1 ---> SUS : T1 ---> INJ : T1 ---> CT : UndPac ---> 10 : Pac ---> FA : UndPac2 ---> VD : T2 ---> TRANS : T2 ---> FIM
"(4,0 + 0,5) G PO SOL INFUS IV CX 25 FA VD TRANS","4,0 : Conc ---> + : +1 ---> 0,5 : Conc ---> G : UndConc ---> PO : T1 ---> SOL : T1 ---> INFUS : T1 ---> IV : T1 ---> CX : UndPac ---> 25 : Pac ---> FA : UndPac2 ---> VD : T2 ---> TRANS : T2 ---> FIM"
2 G + 250 MG PO SOL INJ IV CT 10 FA VD TRANS,2 : Conc ---> G : UndConc ---> + : +1 ---> 250 : Conc ---> MG : UndConc ---> PO : T1 ---> SOL : T1 ---> INJ : T1 ---> IV : T1 ---> CT : UndPac ---> 10 : Pac ---> FA : UndPac2 ---> VD : T2 ---> TRANS : T2 ---> FIM
4 G + 500 MG PO SOL INJ IV CT 10 FA VD TRANS,4 : Conc ---> G : UndConc ---> + : +1 ---> 500 : Conc ---> MG : UndConc ---> PO : T1 ---> SOL : T1 ---> INJ : T1 ---> IV : T1 ---> CT : UndPac ---> 10 : Pac ---> FA : UndPac2 ---> VD : T2 ---> TRANS : T2 ---> FIM
"2G + 0,25G PO SOL INJ IV CT 10 FA VD TRANS","2 : Conc ---> G : UndConc ---> + : +1 ---> 0,25 : Conc ---> G : UndConc ---> PO : T1 ---> SOL : T1 ---> INJ : T1 ---> IV : T1 ---> CT : UndPac ---> 10 : Pac ---> FA : UndPac2 ---> VD : T2 ---> TRANS : T2 ---> FIM"
"4G + 0,5G PO SOL INJ IV CT 10 FA VD TRANS","4 : Conc ---> G : UndConc ---> + : +1 ---> 0,5 : Conc ---> G : UndConc ---> PO : T1 ---> SOL : T1 ---> INJ : T1 ---> IV : T1 ---> CT : UndPac ---> 10 : Pac ---> FA : UndPac2 ---> VD : T2 ---> TRANS : T2 ---> FIM"
2 G + 250 MG PO LIOF INJ CT FA VD TRANS,2 : Conc ---> G : UndConc ---> + : +1 ---> 250 : Conc ---> MG : UndConc ---> PO : T1 ---> LIOF : T1 ---> INJ : T1 ---> CT : UndPac ---> FA : UndPac2 ---> VD : T2 ---> TRANS : T2 ---> FIM
4 G + 500 MG PO LIOF INJ CT FA VD TRANS,4 : Conc ---> G : UndConc ---> + : +1 ---> 500 : Conc ---> MG : UndConc ---> PO : T1 ---> LIOF : T1 ---> INJ : T1 ---> CT : UndPac ---> FA : UndPac2 ---> VD : T2 ---> TRANS : T2 ---> FIM
"2G + 0,25G PO SOL INJ IV CT 10 FA VD TRANS","2 : Conc ---> G : UndConc ---> + : +1 ---> 0,25 : Conc ---> G : UndConc ---> PO : T1 ---> SOL : T1 ---> INJ : T1 ---> IV : T1 ---> CT : UndPac ---> 10 : Pac ---> FA : UndPac2 ---> VD : T2 ---> TRANS : T2 ---> FIM"
"4G + 0,5G PO SOL INJ IV CT 10 FA VD TRANS","4 : Conc ---> G : UndConc ---> + : +1 ---> 0,5 : Conc ---> G : UndConc ---> PO : T1 ---> SOL : T1 ---> INJ : T1 ---> IV : T1 ---> CT : UndPac ---> 10 : Pac ---> FA : UndPac2 ---> VD : T2 ---> TRANS : T2 ---> FIM"
4 G + 500 MG PO SOL INJ IV CT 10 FA VD TRANS X 50 ML,4 : Conc ---> G : UndConc ---> + : +1 ---> 500 : Conc ---> MG : UndConc ---> PO : T1 ---> SOL : T1 ---> INJ : T1 ---> IV : T1 ---> CT : UndPac ---> 10 : Pac ---> FA : UndPac2 ---> VD : T2 ---> TRANS : T2 ---> X : X ---> 50 : Vol ---> ML : UndVol ---> FIM
500.000 UI PÓ LIOF P/ SOL INJ CT 5 FA VD TRANS,500.000 : Conc ---> UI : UndConc ---> PÓ : T1 ---> LIOF : T1 ---> P/SOL : T1 ---> INJ : T1 ---> CT : UndPac ---> 5 : Pac ---> FA : UndPac2 ---> VD : T2 ---> TRANS : T2 ---> FIM
500.000 UI PÓ LIOF P/ SOL INJ CT 10 FA VD TRANS,500.000 : Conc ---> UI : UndConc ---> PÓ : T1 ---> LIOF : T1 ---> P/SOL : T1 ---> INJ : T1 ---> CT : UndPac ---> 10 : Pac ---> FA : UndPac2 ---> VD : T2 ---> TRANS : T2 ---> FIM
500.000 UI PÓ LIOF P/ SOL INJ CT 20 FA VD TRANS,500.000 : Conc ---> UI : UndConc ---> PÓ : T1 ---> LIOF : T1 ---> P/SOL : T1 ---> INJ : T1 ---> CT : UndPac ---> 20 : Pac ---> FA : UndPac2 ---> VD : T2 ---> TRANS : T2 ---> FIM
500.000 UI PO LIOF CT 25 FA VD TRANS  ,500.000 : Conc ---> UI : UndConc ---> PO : T1 ---> LIOF : T1 ---> CT : UndPac ---> 25 : Pac ---> FA : UndPac2 ---> VD : T2 ---> TRANS : T2 ---> FIM
500.000 UI PO LIOF SOL INJ IM/IT/IV CT 5 FA VD TRANS,500.000 : Conc ---> UI : UndConc ---> PO : T1 ---> LIOF : T1 ---> SOL : T1 ---> INJ : T1 ---> IM/IT/IV : T1 ---> CT : UndPac ---> 5 : Pac ---> FA : UndPac2 ---> VD : T2 ---> TRANS : T2 ---> FIM
500.000 UI PO LIOF SOL INJ IM/IT/IV CT FA VD TRANS,500.000 : Conc ---> UI : UndConc ---> PO : T1 ---> LIOF : T1 ---> SOL : T1 ---> INJ : T1 ---> IM/IT/IV : T1 ---> CT : UndPac ---> FA : UndPac2 ---> VD : T2 ---> TRANS : T2 ---> FIM
500.000 UI PO LIOF SOL INJ IM/IT/IV CT 10 FA VD TRANS,500.000 : Conc ---> UI : UndConc ---> PO : T1 ---> LIOF : T1 ---> SOL : T1 ---> INJ : T1 ---> IM/IT/IV : T1 ---> CT : UndPac ---> 10 : Pac ---> FA : UndPac2 ---> VD : T2 ---> TRANS : T2 ---> FIM
500.000 UI PÓ LIOF SOL INJ CT FA VD TRANS,500.000 : Conc ---> UI : UndConc ---> PÓ : T1 ---> LIOF : T1 ---> SOL : T1 ---> INJ : T1 ---> CT : UndPac ---> FA : UndPac2 ---> VD : T2 ---> TRANS : T2 ---> FIM
500.000 UI PO LIOF SOL INJ CT 10 FA VD TRANS,500.000 : Conc ---> UI : UndConc ---> PO : T1 ---> LIOF : T1 ---> SOL : T1 ---> INJ : T1 ---> CT : UndPac ---> 10 : Pac ---> FA : UndPac2 ---> VD : T2 ---> TRANS : T2 ---> FIM
500.000 UI PO LIOF SOL INJ IV/IM/IT CT FA VD TRANS,500.000 : Conc ---> UI : UndConc ---> PO : T1 ---> LIOF : T1 ---> SOL : T1 ---> INJ : T1 ---> IV/IM/IT : T1 ---> CT : UndPac ---> FA : UndPac2 ---> VD : T2 ---> TRANS : T2 ---> FIM
500.000 UI PO LIOF SOL INJ IV/IM/IT CT 5 FA VD TRANS,500.000 : Conc ---> UI : UndConc ---> PO : T1 ---> LIOF : T1 ---> SOL : T1 ---> INJ : T1 ---> IV/IM/IT : T1 ---> CT : UndPac ---> 5 : Pac ---> FA : UndPac2 ---> VD : T2 ---> TRANS : T2 ---> FIM
500.000 UI PO LIOF SOL INJ IV/IM/IT CT 10 FA VD TRANS,500.000 : Conc ---> UI : UndConc ---> PO : T1 ---> LIOF : T1 ---> SOL : T1 ---> INJ : T1 ---> IV/IM/IT : T1 ---> CT : UndPac ---> 10 : Pac ---> FA : UndPac2 ---> VD : T2 ---> TRANS : T2 ---> FIM
500.000 UI PO LIOF INJ CT FA VD TRANS,500.000 : Conc ---> UI : UndConc ---> PO : T1 ---> LIOF : T1 ---> INJ : T1 ---> CT : UndPac ---> FA : UndPac2 ---> VD : T2 ---> TRANS : T2 ---> FIM
500.000 UI PO LIOF INJ CT 25 FA VD TRANS  ,500.000 : Conc ---> UI : UndConc ---> PO : T1 ---> LIOF : T1 ---> INJ : T1 ---> CT : UndPac ---> 25 : Pac ---> FA : UndPac2 ---> VD : T2 ---> TRANS : T2 ---> FIM
500.000 UI PO LIOF INJ CT 10 FA VD TRANS,500.000 : Conc ---> UI : UndConc ---> PO : T1 ---> LIOF : T1 ---> INJ : T1 ---> CT : UndPac ---> 10 : Pac ---> FA : UndPac2 ---> VD : T2 ---> TRANS : T2 ---> FIM
10 MG/ML EMU INJ/INFUS IV CT 5 AMP VD TRANS X 20  ML,10 : Conc ---> MG/ML : UndConc ---> EMU : T1 ---> INJ/INFUS : T1 ---> IV : T1 ---> CT : UndPac ---> 5 : Pac ---> AMP : UndPac2 ---> VD : T2 ---> TRANS : T2 ---> X : X ---> 20 : Vol ---> ML : UndVol ---> FIM
10 MG/ML EMU INJ/INFUS IV CT 50  AMP VD TRANS X 20  ML,10 : Conc ---> MG/ML : UndConc ---> EMU : T1 ---> INJ/INFUS : T1 ---> IV : T1 ---> CT : UndPac ---> 50 : Pac ---> AMP : UndPac2 ---> VD : T2 ---> TRANS : T2 ---> X : X ---> 20 : Vol ---> ML : UndVol ---> FIM
10 MG/ML EMU INJ CX 5 AMP VD TRANS X 20 ML,10 : Conc ---> MG/ML : UndConc ---> EMU : T1 ---> INJ : T1 ---> CX : UndPac ---> 5 : Pac ---> AMP : UndPac2 ---> VD : T2 ---> TRANS : T2 ---> X : X ---> 20 : Vol ---> ML : UndVol ---> FIM
10 MG/ML EMU INJ CX  10 FA VD TRANS X 20 ML,10 : Conc ---> MG/ML : UndConc ---> EMU : T1 ---> INJ : T1 ---> CX : UndPac ---> 10 : Pac ---> FA : UndPac2 ---> VD : T2 ---> TRANS : T2 ---> X : X ---> 20 : Vol ---> ML : UndVol ---> FIM
10 MG/ML EMU INJ/DIL INFUS IV CX 5 AMP VD TRANS X 20 ML,10 : Conc ---> MG/ML : UndConc ---> EMU : T1 ---> INJ/DIL : T1 ---> INFUS : T1 ---> IV : T1 ---> CX : UndPac ---> 5 : Pac ---> AMP : UndPac2 ---> VD : T2 ---> TRANS : T2 ---> X : X ---> 20 : Vol ---> ML : UndVol ---> FIM
10 MG/ML EMU INJ CX 5 FA VD TRANS X 20 ML,10 : Conc ---> MG/ML : UndConc ---> EMU : T1 ---> INJ : T1 ---> CX : UndPac ---> 5 : Pac ---> FA : UndPac2 ---> VD : T2 ---> TRANS : T2 ---> X : X ---> 20 : Vol ---> ML : UndVol ---> FIM
10 MG/ML EMU INJ CX 10 FA VD TRANS X 20 ML,10 : Conc ---> MG/ML : UndConc ---> EMU : T1 ---> INJ : T1 ---> CX : UndPac ---> 10 : Pac ---> FA : UndPac2 ---> VD : T2 ---> TRANS : T2 ---> X : X ---> 20 : Vol ---> ML : UndVol ---> FIM
10 MG/ML EMU INJ/INFUS IV CT 5 FA VD TRANS X 20 ML,10 : Conc ---> MG/ML : UndConc ---> EMU : T1 ---> INJ/INFUS : T1 ---> IV : T1 ---> CT : UndPac ---> 5 : Pac ---> FA : UndPac2 ---> VD : T2 ---> TRANS : T2 ---> X : X ---> 20 : Vol ---> ML : UndVol ---> FIM
10MG/ML EMU INJ CT 5 FA VD TRANS X 20 ML,10 : Conc ---> MG/ML : UndConc ---> EMU : T1 ---> INJ : T1 ---> CT : UndPac ---> 5 : Pac ---> FA : UndPac2 ---> VD : T2 ---> TRANS : T2 ---> X : X ---> 20 : Vol ---> ML : UndVol ---> FIM
10 MG/ML EMU INJ/INFUS IV CT 5 AMP VD TRANS X 20 ML,10 : Conc ---> MG/ML : UndConc ---> EMU : T1 ---> INJ/INFUS : T1 ---> IV : T1 ---> CT : UndPac ---> 5 : Pac ---> AMP : UndPac2 ---> VD : T2 ---> TRANS : T2 ---> X : X ---> 20 : Vol ---> ML : UndVol ---> FIM
10 MG/ML EMU INJ/INFUS IV CT 50  AMP VD TRANS X 20  ML,10 : Conc ---> MG/ML : UndConc ---> EMU : T1 ---> INJ/INFUS : T1 ---> IV : T1 ---> CT : UndPac ---> 50 : Pac ---> AMP : UndPac2 ---> VD : T2 ---> TRANS : T2 ---> X : X ---> 20 : Vol ---> ML : UndVol ---> FIM
10 MG/ML EMU INJ CT 5 AMP VD TRANS X 20 ML ,10 : Conc ---> MG/ML : UndConc ---> EMU : T1 ---> INJ : T1 ---> CT : UndPac ---> 5 : Pac ---> AMP : UndPac2 ---> VD : T2 ---> TRANS : T2 ---> X : X ---> 20 : Vol ---> ML : UndVol ---> FIM
10 MG/ML EMU INJ CT 5 AMP VD TRANS X 20 ML,10 : Conc ---> MG/ML : UndConc ---> EMU : T1 ---> INJ : T1 ---> CT : UndPac ---> 5 : Pac ---> AMP : UndPac2 ---> VD : T2 ---> TRANS : T2 ---> X : X ---> 20 : Vol ---> ML : UndVol ---> FIM
10 MG/ML EMU INJ/DIL INFUS IV CT FA VD TRANS X 20 ML,10 : Conc ---> MG/ML : UndConc ---> EMU : T1 ---> INJ/DIL : T1 ---> INFUS : T1 ---> IV : T1 ---> CT : UndPac ---> FA : UndPac2 ---> VD : T2 ---> TRANS : T2 ---> X : X ---> 20 : Vol ---> ML : UndVol ---> FIM
10 MG/ML EMU INJ/DIL INFUS IV CT 5  FA VD TRANS X 20 ML,10 : Conc ---> MG/ML : UndConc ---> EMU : T1 ---> INJ/DIL : T1 ---> INFUS : T1 ---> IV : T1 ---> CT : UndPac ---> 5 : Pac ---> FA : UndPac2 ---> VD : T2 ---> TRANS : T2 ---> X : X ---> 20 : Vol ---> ML : UndVol ---> FIM
10 MG/ML EMU INJ/DIL INFUS IV CT 10 FA VD TRANS X 20 ML,10 : Conc ---> MG/ML : UndConc ---> EMU : T1 ---> INJ/DIL : T1 ---> INFUS : T1 ---> IV : T1 ---> CT : UndPac ---> 10 : Pac ---> FA : UndPac2 ---> VD : T2 ---> TRANS : T2 ---> X : X ---> 20 : Vol ---> ML : UndVol ---> FIM
10 MG/ML EMU INJ/DIL INFUS IV CT FA VD TRANS X 20 ML,10 : Conc ---> MG/ML : UndConc ---> EMU : T1 ---> INJ/DIL : T1 ---> INFUS : T1 ---> IV : T1 ---> CT : UndPac ---> FA : UndPac2 ---> VD : T2 ---> TRANS : T2 ---> X : X ---> 20 : Vol ---> ML : UndVol ---> FIM
10 MG/ML EMU INJ/DIL INFUS IV CT 5  FA VD TRANS X 20 ML,10 : Conc ---> MG/ML : UndConc ---> EMU : T1 ---> INJ/DIL : T1 ---> INFUS : T1 ---> IV : T1 ---> CT : UndPac ---> 5 : Pac ---> FA : UndPac2 ---> VD : T2 ---> TRANS : T2 ---> X : X ---> 20 : Vol ---> ML : UndVol ---> FIM
10 MG/ML EMU INJ/DIL INFUS IV CT 10 FA VD TRANS X 20 ML,10 : Conc ---> MG/ML : UndConc ---> EMU : T1 ---> INJ/DIL : T1 ---> INFUS : T1 ---> IV : T1 ---> CT : UndPac ---> 10 : Pac ---> FA : UndPac2 ---> VD : T2 ---> TRANS : T2 ---> X : X ---> 20 : Vol ---> ML : UndVol ---> FIM
25 MG/ML SOL INJ CX 50 AMP VD AMB X 2 ML,25 : Conc ---> MG/ML : UndConc ---> SOL : T1 ---> INJ : T1 ---> CX : UndPac ---> 50 : Pac ---> AMP : UndPac2 ---> VD : T2 ---> AMB : T2 ---> X : X ---> 2 : Vol ---> ML : UndVol ---> FIM
25 MG/ML SOL INJ CT 120 AMP VD AMB X 2 ML,25 : Conc ---> MG/ML : UndConc ---> SOL : T1 ---> INJ : T1 ---> CT : UndPac ---> 120 : Pac ---> AMP : UndPac2 ---> VD : T2 ---> AMB : T2 ---> X : X ---> 2 : Vol ---> ML : UndVol ---> FIM
25 MG/ML SOL INJ CX 100 AMP VD INC X 2 ML (EMB HOSP),25 : Conc ---> MG/ML : UndConc ---> SOL : T1 ---> INJ : T1 ---> CX : UndPac ---> 100 : Pac ---> AMP : UndPac2 ---> VD : T2 ---> INC : T2 ---> X : X ---> 2 : Vol ---> ML : UndVol ---> EMB : +2 ---> HOSP : T3 ---> FIM
25 MG/ML SOL INJ CX 50 AMP VD AMB X 2 ML,25 : Conc ---> MG/ML : UndConc ---> SOL : T1 ---> INJ : T1 ---> CX : UndPac ---> 50 : Pac ---> AMP : UndPac2 ---> VD : T2 ---> AMB : T2 ---> X : X ---> 2 : Vol ---> ML : UndVol ---> FIM
25 MG/ML SOL INJ CX 100 AMP VD AMB X 2 ML ,25 : Conc ---> MG/ML : UndConc ---> SOL : T1 ---> INJ : T1 ---> CX : UndPac ---> 100 : Pac ---> AMP : UndPac2 ---> VD : T2 ---> AMB : T2 ---> X : X ---> 2 : Vol ---> ML : UndVol ---> FIM
25 MG/ML SOL INJ CX 100 AMP VD AMB X 2 ML ,25 : Conc ---> MG/ML : UndConc ---> SOL : T1 ---> INJ : T1 ---> CX : UndPac ---> 100 : Pac ---> AMP : UndPac2 ---> VD : T2 ---> AMB : T2 ---> X : X ---> 2 : Vol ---> ML : UndVol ---> FIM
25 MG/ML SOL INJ CX 50 AMP VD AMB X 2 ML,25 : Conc ---> MG/ML : UndConc ---> SOL : T1 ---> INJ : T1 ---> CX : UndPac ---> 50 : Pac ---> AMP : UndPac2 ---> VD : T2 ---> AMB : T2 ---> X : X ---> 2 : Vol ---> ML : UndVol ---> FIM
1 ML/ML SOL INAL CT FR VD AMB X 250 ML (REST HOSP) ,1 : Conc ---> ML/ML : UndConc ---> SOL : T1 ---> INAL : T1 ---> CT : UndPac ---> FR : UndPac2 ---> VD : T2 ---> AMB : T2 ---> X : X ---> 250 : Vol ---> ML : UndVol ---> REST : +2 ---> HOSP : T3 ---> FIM
1 ML/ML SOL INAL CT FR VD AMB X 250 ML,1 : Conc ---> ML/ML : UndConc ---> SOL : T1 ---> INAL : T1 ---> CT : UndPac ---> FR : UndPac2 ---> VD : T2 ---> AMB : T2 ---> X : X ---> 250 : Vol ---> ML : UndVol ---> FIM
1ML/ML LIQ INAL NAS CT FR VD AMB X 250ML,1 : Conc ---> ML/ML : UndConc ---> LIQ : T1 ---> INAL : T1 ---> NAS : T1 ---> CT : UndPac ---> FR : UndPac2 ---> VD : T2 ---> AMB : T2 ---> X : X ---> 250 : Vol ---> ML : UndVol ---> FIM
1ML/ML LIQ INAL NAS CT FR VD AMB X 250ML,1 : Conc ---> ML/ML : UndConc ---> LIQ : T1 ---> INAL : T1 ---> NAS : T1 ---> CT : UndPac ---> FR : UndPac2 ---> VD : T2 ---> AMB : T2 ---> X : X ---> 250 : Vol ---> ML : UndVol ---> FIM
LIQ INAL CX 6 FR AL X 250 ML (PORT 344/98 C1 REST HOSP) ,LIQ : T1 ---> INAL : T1 ---> CX : UndPac ---> 6 : Pac ---> FR : UndPac2 ---> AL : T2 ---> X : X ---> 250 : Vol ---> ML : UndVol ---> PORT : +2 ---> 344/98 : T3 ---> C : T3 ---> 1 : T3 ---> REST : T3 ---> HOSP : T3 ---> FIM
INAL CT FR PLAS OPC X 250 ML,INAL : T1 ---> CT : UndPac ---> FR : UndPac2 ---> PLAS : T2 ---> OPC : T2 ---> X : X ---> 250 : Vol ---> ML : UndVol ---> FIM
50 MG PO LIOF SOL INFUS IV CT 10 FA VD TRANS,50 : Conc ---> MG : UndConc ---> PO : T1 ---> LIOF : T1 ---> SOL : T1 ---> INFUS : T1 ---> IV : T1 ---> CT : UndPac ---> 10 : Pac ---> FA : UndPac2 ---> VD : T2 ---> TRANS : T2 ---> FIM
50 MG PO LIOF SOL INFUS  IV CT 10 FA VD TRANS,50 : Conc ---> MG : UndConc ---> PO : T1 ---> LIOF : T1 ---> SOL : T1 ---> INFUS : T1 ---> IV : T1 ---> CT : UndPac ---> 10 : Pac ---> FA : UndPac2 ---> VD : T2 ---> TRANS : T2 ---> FIM
50 MG PO LIOF INJ CT 10 FA VD TRANS,50 : Conc ---> MG : UndConc ---> PO : T1 ---> LIOF : T1 ---> INJ : T1 ---> CT : UndPac ---> 10 : Pac ---> FA : UndPac2 ---> VD : T2 ---> TRANS : T2 ---> FIM
50 MG PO LIOF INJ CT 10 FA VD TRANS,50 : Conc ---> MG : UndConc ---> PO : T1 ---> LIOF : T1 ---> INJ : T1 ---> CT : UndPac ---> 10 : Pac ---> FA : UndPac2 ---> VD : T2 ---> TRANS : T2 ---> FIM
"0,25 MG/ML SOL INJ CT FA VD TRANS X 50 ML","0,25 : Conc ---> MG/ML : UndConc ---> SOL : T1 ---> INJ : T1 ---> CT : UndPac ---> FA : UndPac2 ---> VD : T2 ---> TRANS : T2 ---> X : X ---> 50 : Vol ---> ML : UndVol ---> FIM"
200 MG PO LIOF SOL INJ CT FA VD TRANS,200 : Conc ---> MG : UndConc ---> PO : T1 ---> LIOF : T1 ---> SOL : T1 ---> INJ : T1 ---> CT : UndPac ---> FA : UndPac2 ---> VD : T2 ---> TRANS : T2 ---> FIM
200 MG PO LIOF SOL INJ CT FA VD TRANS,200 : Conc ---> MG : UndConc ---> PO : T1 ---> LIOF : T1 ---> SOL : T1 ---> INJ : T1 ---> CT : UndPac ---> FA : UndPac2 ---> VD : T2 ---> TRANS : T2 ---> FIM
200 MG PÓ LIOF SOL INFUS IV CT FA VD TRANS,200 : Conc ---> MG : UndConc ---> PÓ : T1 ---> LIOF : T1 ---> SOL : T1 ---> INFUS : T1 ---> IV : T1 ---> CT : UndPac ---> FA : UndPac2 ---> VD : T2 ---> TRANS : T2 ---> FIM
200 MG PO LIOF SOL INJ INFUS IV CT 1 FA VD TRANS,200 : Conc ---> MG : UndConc ---> PO : T1 ---> LIOF : T1 ---> SOL : T1 ---> INJ : T1 ---> INFUS : T1 ---> IV : T1 ---> CT : UndPac ---> 1 : Pac ---> FA : UndPac2 ---> VD : T2 ---> TRANS : T2 ---> FIM
200 MG PO LIOF SOL INJ INFUS IV CX 10 FA VD TRANS,200 : Conc ---> MG : UndConc ---> PO : T1 ---> LIOF : T1 ---> SOL : T1 ---> INJ : T1 ---> INFUS : T1 ---> IV : T1 ---> CX : UndPac ---> 10 : Pac ---> FA : UndPac2 ---> VD : T2 ---> TRANS : T2 ---> FIM
200 MG PO LIOF SOL INJ INFUS IV CX 14 FA VD TRANS,200 : Conc ---> MG : UndConc ---> PO : T1 ---> LIOF : T1 ---> SOL : T1 ---> INJ : T1 ---> INFUS : T1 ---> IV : T1 ---> CX : UndPac ---> 14 : Pac ---> FA : UndPac2 ---> VD : T2 ---> TRANS : T2 ---> FIM
200 MG PO LIOF SOL INJ INFUS IV CX 28 FA VD TRANS,200 : Conc ---> MG : UndConc ---> PO : T1 ---> LIOF : T1 ---> SOL : T1 ---> INJ : T1 ---> INFUS : T1 ---> IV : T1 ---> CX : UndPac ---> 28 : Pac ---> FA : UndPac2 ---> VD : T2 ---> TRANS : T2 ---> FIM
200 MG PO LIOF SOL INJ INFUS IV CT 1 FA VD TRANS,200 : Conc ---> MG : UndConc ---> PO : T1 ---> LIOF : T1 ---> SOL : T1 ---> INJ : T1 ---> INFUS : T1 ---> IV : T1 ---> CT : UndPac ---> 1 : Pac ---> FA : UndPac2 ---> VD : T2 ---> TRANS : T2 ---> FIM
200 MG PO LIOF SOL INJ INFUS IV CX 10 FA VD TRANS,200 : Conc ---> MG : UndConc ---> PO : T1 ---> LIOF : T1 ---> SOL : T1 ---> INJ : T1 ---> INFUS : T1 ---> IV : T1 ---> CX : UndPac ---> 10 : Pac ---> FA : UndPac2 ---> VD : T2 ---> TRANS : T2 ---> FIM
200 MG PO LIOF SOL INJ INFUS IV CX 14 FA VD TRANS,200 : Conc ---> MG : UndConc ---> PO : T1 ---> LIOF : T1 ---> SOL : T1 ---> INJ : T1 ---> INFUS : T1 ---> IV : T1 ---> CX : UndPac ---> 14 : Pac ---> FA : UndPac2 ---> VD : T2 ---> TRANS : T2 ---> FIM
200 MG PO LIOF SOL INJ INFUS IV CX 28 FA VD TRANS,200 : Conc ---> MG : UndConc ---> PO : T1 ---> LIOF : T1 ---> SOL : T1 ---> INJ : T1 ---> INFUS : T1 ---> IV : T1 ---> CX : UndPac ---> 28 : Pac ---> FA : UndPac2 ---> VD : T2 ---> TRANS : T2 ---> FIM
200 MG PO LIOF SOL INJ IV CT FA VD TRANS,200 : Conc ---> MG : UndConc ---> PO : T1 ---> LIOF : T1 ---> SOL : T1 ---> INJ : T1 ---> IV : T1 ---> CT : UndPac ---> FA : UndPac2 ---> VD : T2 ---> TRANS : T2 ---> FIM
200 MG PO LIOF SOL INJ IV CT FA VD TRANS,200 : Conc ---> MG : UndConc ---> PO : T1 ---> LIOF : T1 ---> SOL : T1 ---> INJ : T1 ---> IV : T1 ---> CT : UndPac ---> FA : UndPac2 ---> VD : T2 ---> TRANS : T2 ---> FIM
200 MG PO LIOF SOL INJ INFUS IV CT 1 FA VD  TRANS,200 : Conc ---> MG : UndConc ---> PO : T1 ---> LIOF : T1 ---> SOL : T1 ---> INJ : T1 ---> INFUS : T1 ---> IV : T1 ---> CT : UndPac ---> 1 : Pac ---> FA : UndPac2 ---> VD : T2 ---> TRANS : T2 ---> FIM
200 MG PO LIOF SOL INJ CT 1 FA VD TRANS,200 : Conc ---> MG : UndConc ---> PO : T1 ---> LIOF : T1 ---> SOL : T1 ---> INJ : T1 ---> CT : UndPac ---> 1 : Pac ---> FA : UndPac2 ---> VD : T2 ---> TRANS : T2 ---> FIM
200 MG PO LIOF SOL INJ IV CT FA VD TRANS,200 : Conc ---> MG : UndConc ---> PO : T1 ---> LIOF : T1 ---> SOL : T1 ---> INJ : T1 ---> IV : T1 ---> CT : UndPac ---> FA : UndPac2 ---> VD : T2 ---> TRANS : T2 ---> FIM
200 MG PO LIOF SOL INJ IV CT 10 FA VD TRANS,200 : Conc ---> MG : UndConc ---> PO : T1 ---> LIOF : T1 ---> SOL : T1 ---> INJ : T1 ---> IV : T1 ---> CT : UndPac ---> 10 : Pac ---> FA : UndPac2 ---> VD : T2 ---> TRANS : T2 ---> FIM
200 MG PO LIOF SOL INJ IV CT 14 FA VD TRANS,200 : Conc ---> MG : UndConc ---> PO : T1 ---> LIOF : T1 ---> SOL : T1 ---> INJ : T1 ---> IV : T1 ---> CT : UndPac ---> 14 : Pac ---> FA : UndPac2 ---> VD : T2 ---> TRANS : T2 ---> FIM
200 MG PO LIOF SOL INJ IV CT 28 FA VD TRANS,200 : Conc ---> MG : UndConc ---> PO : T1 ---> LIOF : T1 ---> SOL : T1 ---> INJ : T1 ---> IV : T1 ---> CT : UndPac ---> 28 : Pac ---> FA : UndPac2 ---> VD : T2 ---> TRANS : T2 ---> FIM
200 MG PO LIOF SOL INJ IV CT FA VD TRANS,200 : Conc ---> MG : UndConc ---> PO : T1 ---> LIOF : T1 ---> SOL : T1 ---> INJ : T1 ---> IV : T1 ---> CT : UndPac ---> FA : UndPac2 ---> VD : T2 ---> TRANS : T2 ---> FIM
200 MG PO LIOF SOL INJ IV CT 10 FA VD TRANS,200 : Conc ---> MG : UndConc ---> PO : T1 ---> LIOF : T1 ---> SOL : T1 ---> INJ : T1 ---> IV : T1 ---> CT : UndPac ---> 10 : Pac ---> FA : UndPac2 ---> VD : T2 ---> TRANS : T2 ---> FIM
500 MG COM REV CT BL AL PLAS OPC X 10,500 : Conc ---> MG : UndConc ---> COM : T1 ---> REV : T1 ---> CT : UndPac ---> BL : T2 ---> AL : T2 ---> PLAS : T2 ---> OPC : T2 ---> X : X ---> 10 : Vol ---> FIM
500 MG COM REV CT BL AL PLAS OPC X 14,500 : Conc ---> MG : UndConc ---> COM : T1 ---> REV : T1 ---> CT : UndPac ---> BL : T2 ---> AL : T2 ---> PLAS : T2 ---> OPC : T2 ---> X : X ---> 14 : Vol ---> FIM
500 MG COM REV CT BL AL PLAS OPC X 10,500 : Conc ---> MG : UndConc ---> COM : T1 ---> REV : T1 ---> CT : UndPac ---> BL : T2 ---> AL : T2 ---> PLAS : T2 ---> OPC : T2 ---> X : X ---> 10 : Vol ---> FIM
500 MG COM REV CT BL AL PLAS OPC X 14,500 : Conc ---> MG : UndConc ---> COM : T1 ---> REV : T1 ---> CT : UndPac ---> BL : T2 ---> AL : T2 ---> PLAS : T2 ---> OPC : T2 ---> X : X ---> 14 : Vol ---> FIM
500 MG COM REV CT BL AL PLAS OPC X 20,500 : Conc ---> MG : UndConc ---> COM : T1 ---> REV : T1 ---> CT : UndPac ---> BL : T2 ---> AL : T2 ---> PLAS : T2 ---> OPC : T2 ---> X : X ---> 20 : Vol ---> FIM
500 MG COM REV CT BL AL PLAS OPC X 28,500 : Conc ---> MG : UndConc ---> COM : T1 ---> REV : T1 ---> CT : UndPac ---> BL : T2 ---> AL : T2 ---> PLAS : T2 ---> OPC : T2 ---> X : X ---> 28 : Vol ---> FIM
500 MG COM LIB PROL CT BL AL PLAS TRANS X 10,500 : Conc ---> MG : UndConc ---> COM : T1 ---> LIB : T1 ---> PROL : T1 ---> CT : UndPac ---> BL : T2 ---> AL : T2 ---> PLAS : T2 ---> TRANS : T2 ---> X : X ---> 10 : Vol ---> FIM
500 MG COM LIB PROL CT BL AL PLAS TRANS X 7,500 : Conc ---> MG : UndConc ---> COM : T1 ---> LIB : T1 ---> PROL : T1 ---> CT : UndPac ---> BL : T2 ---> AL : T2 ---> PLAS : T2 ---> TRANS : T2 ---> X : X ---> 7 : Vol ---> FIM
500 MG COM LIB PROL CT BL AL PLAS TRANS X 10,500 : Conc ---> MG : UndConc ---> COM : T1 ---> LIB : T1 ---> PROL : T1 ---> CT : UndPac ---> BL : T2 ---> AL : T2 ---> PLAS : T2 ---> TRANS : T2 ---> X : X ---> 10 : Vol ---> FIM
500 MG COM LIB PROL CT BL AL PLAS TRANS X 7,500 : Conc ---> MG : UndConc ---> COM : T1 ---> LIB : T1 ---> PROL : T1 ---> CT : UndPac ---> BL : T2 ---> AL : T2 ---> PLAS : T2 ---> TRANS : T2 ---> X : X ---> 7 : Vol ---> FIM
500 MG COM REV CT BL AL PLAS PVC/PVDC TRANS X 10,500 : Conc ---> MG : UndConc ---> COM : T1 ---> REV : T1 ---> CT : UndPac ---> BL : T2 ---> AL : T2 ---> PLAS : T2 ---> PVC/PVDC : T2 ---> TRANS : T2 ---> X : X ---> 10 : Vol ---> FIM
500 MG COM REV CT BL AL PLAS PVC/PVDC TRANS X 14,500 : Conc ---> MG : UndConc ---> COM : T1 ---> REV : T1 ---> CT : UndPac ---> BL : T2 ---> AL : T2 ---> PLAS : T2 ---> PVC/PVDC : T2 ---> TRANS : T2 ---> X : X ---> 14 : Vol ---> FIM
500 MG COM REV CT BL AL PLAS PVC/PVDC TRANS X 490,500 : Conc ---> MG : UndConc ---> COM : T1 ---> REV : T1 ---> CT : UndPac ---> BL : T2 ---> AL : T2 ---> PLAS : T2 ---> PVC/PVDC : T2 ---> TRANS : T2 ---> X : X ---> 490 : Vol ---> FIM
500 MG COM REV CT BL AL PLAS TRANS X 10 ,500 : Conc ---> MG : UndConc ---> COM : T1 ---> REV : T1 ---> CT : UndPac ---> BL : T2 ---> AL : T2 ---> PLAS : T2 ---> TRANS : T2 ---> X : X ---> 10 : Vol ---> FIM
500 MG COM REV CT  BL AL PLAS TRANS X 14,500 : Conc ---> MG : UndConc ---> COM : T1 ---> REV : T1 ---> CT : UndPac ---> BL : T2 ---> AL : T2 ---> PLAS : T2 ---> TRANS : T2 ---> X : X ---> 14 : Vol ---> FIM
